<?xml version="1.0"?>
<doc>
    <assembly>
        <name>Spring2.Core.Payment</name>
    </assembly>
    <members>
        <member name="T:Spring2.Core.Payment.Test.TestSplitPaymentProvider">
            <summary>
            Summary description for TestPaymentProvider.
            </summary>
        </member>
        <member name="T:Spring2.Core.Payment.ProPay.ProPayCommand">
            <summary>
            Summary description for ProPayCommand.
            </summary>
        </member>
        <member name="T:Spring2.Core.Payment.PaymentResult">
            <summary>
            Summary description for PaymentResponse.
            </summary>
        </member>
        <member name="T:Spring2.Core.Payment.PayflowPro.PayflowProCommand">
            <summary>
            Summary description for PayflowProCommand.
            </summary>
        </member>
        <member name="T:Spring2.Core.Payment.BaseConfigurationProvider">
            <summary>
            Base configuration provider
            </summary>
        </member>
        <member name="M:Spring2.Core.Payment.BaseConfigurationProvider.CheckConfigurationValue(System.String)">
            <summary>
            Validate that configuration values exist and are not empty
            </summary>
            <param name="key"></param>
        </member>
        <member name="M:Spring2.Core.Payment.BaseConfigurationProvider.GetConfigurationValue(System.String,System.String)">
            <summary>
            Returns a configuration value, or the defaultValue if it is not found or empty
            </summary>
            <param name="key"></param>
            <param name="defaultValue"></param>
            <returns></returns>
        </member>
        <member name="T:Spring2.Core.Payment.EFSNet.QueryTransactionsResult">
            <remarks/>
        </member>
        <member name="F:Spring2.Core.Payment.EFSNet.QueryTransactionsResult.Transaction">
            <remarks/>
        </member>
        <member name="F:Spring2.Core.Payment.EFSNet.QueryTransactionsResult.SessionCookie">
            <remarks/>
        </member>
        <member name="F:Spring2.Core.Payment.EFSNet.QueryTransactionsResult.MaxCount">
            <remarks/>
        </member>
        <member name="F:Spring2.Core.Payment.EFSNet.QueryTransactionsResult.StoreID">
            <remarks/>
        </member>
        <member name="F:Spring2.Core.Payment.EFSNet.QueryTransactionsResult.QueryTime">
            <remarks/>
        </member>
        <member name="F:Spring2.Core.Payment.EFSNet.QueryTransactionsResult.QueryDate">
            <remarks/>
        </member>
        <member name="T:Spring2.Core.Payment.EFSNet.QueryTransactionsResultTransaction">
            <remarks/>
        </member>
        <member name="F:Spring2.Core.Payment.EFSNet.QueryTransactionsResultTransaction.TransactionID">
            <remarks/>
        </member>
        <member name="F:Spring2.Core.Payment.EFSNet.QueryTransactionsResultTransaction.RequestID">
            <remarks/>
        </member>
        <member name="F:Spring2.Core.Payment.EFSNet.QueryTransactionsResultTransaction.StoreID">
            <remarks/>
        </member>
        <member name="F:Spring2.Core.Payment.EFSNet.QueryTransactionsResultTransaction.ApplicationID">
            <remarks/>
        </member>
        <member name="F:Spring2.Core.Payment.EFSNet.QueryTransactionsResultTransaction.HostID">
            <remarks/>
        </member>
        <member name="F:Spring2.Core.Payment.EFSNet.QueryTransactionsResultTransaction.MerchantID">
            <remarks/>
        </member>
        <member name="F:Spring2.Core.Payment.EFSNet.QueryTransactionsResultTransaction.TerminalID">
            <remarks/>
        </member>
        <member name="F:Spring2.Core.Payment.EFSNet.QueryTransactionsResultTransaction.TerminalType">
            <remarks/>
        </member>
        <member name="F:Spring2.Core.Payment.EFSNet.QueryTransactionsResultTransaction.ProcessorID">
            <remarks/>
        </member>
        <member name="F:Spring2.Core.Payment.EFSNet.QueryTransactionsResultTransaction.TransactionType">
            <remarks/>
        </member>
        <member name="F:Spring2.Core.Payment.EFSNet.QueryTransactionsResultTransaction.TransactionStatus">
            <remarks/>
        </member>
        <member name="F:Spring2.Core.Payment.EFSNet.QueryTransactionsResultTransaction.TransactionDate">
            <remarks/>
        </member>
        <member name="F:Spring2.Core.Payment.EFSNet.QueryTransactionsResultTransaction.TransactionTime">
            <remarks/>
        </member>
        <member name="F:Spring2.Core.Payment.EFSNet.QueryTransactionsResultTransaction.ReferenceNumber">
            <remarks/>
        </member>
        <member name="F:Spring2.Core.Payment.EFSNet.QueryTransactionsResultTransaction.AccountNumber">
            <remarks/>
        </member>
        <member name="F:Spring2.Core.Payment.EFSNet.QueryTransactionsResultTransaction.EntryMode">
            <remarks/>
        </member>
        <member name="F:Spring2.Core.Payment.EFSNet.QueryTransactionsResultTransaction.CVVPresenceIndicator">
            <remarks/>
        </member>
        <member name="F:Spring2.Core.Payment.EFSNet.QueryTransactionsResultTransaction.CardLogo">
            <remarks/>
        </member>
        <member name="F:Spring2.Core.Payment.EFSNet.QueryTransactionsResultTransaction.TransactionAmount">
            <remarks/>
        </member>
        <member name="F:Spring2.Core.Payment.EFSNet.QueryTransactionsResultTransaction.BillingName">
            <remarks/>
        </member>
        <member name="F:Spring2.Core.Payment.EFSNet.QueryTransactionsResultTransaction.BillingAddress">
            <remarks/>
        </member>
        <member name="F:Spring2.Core.Payment.EFSNet.QueryTransactionsResultTransaction.BillingPostalCode">
            <remarks/>
        </member>
        <member name="F:Spring2.Core.Payment.EFSNet.QueryTransactionsResultTransaction.ServerIPAddress">
            <remarks/>
        </member>
        <member name="F:Spring2.Core.Payment.EFSNet.QueryTransactionsResultTransaction.AuthorizationNumber">
            <remarks/>
        </member>
        <member name="F:Spring2.Core.Payment.EFSNet.QueryTransactionsResultTransaction.ResponseCode">
            <remarks/>
        </member>
        <member name="F:Spring2.Core.Payment.EFSNet.QueryTransactionsResultTransaction.ResultCode">
            <remarks/>
        </member>
        <member name="F:Spring2.Core.Payment.EFSNet.QueryTransactionsResultTransaction.ResultMessage">
            <remarks/>
        </member>
        <member name="F:Spring2.Core.Payment.EFSNet.QueryTransactionsResultTransaction.AVSResponseCode">
            <remarks/>
        </member>
        <member name="F:Spring2.Core.Payment.EFSNet.QueryTransactionsResultTransaction.CVVResponseCode">
            <remarks/>
        </member>
        <member name="F:Spring2.Core.Payment.EFSNet.QueryTransactionsResultTransaction.ApprovalNumber">
            <remarks/>
        </member>
        <member name="F:Spring2.Core.Payment.EFSNet.QueryTransactionsResultTransaction.SettlementDate">
            <remarks/>
        </member>
        <member name="F:Spring2.Core.Payment.EFSNet.QueryTransactionsResultTransaction.MessageFormat">
            <remarks/>
        </member>
        <member name="F:Spring2.Core.Payment.EFSNet.QueryTransactionsResultTransaction.OriginalTransactionID">
            <remarks/>
        </member>
        <member name="F:Spring2.Core.Payment.EFSNet.QueryTransactionsResultTransaction.OriginalTransactionAmount">
            <remarks/>
        </member>
        <member name="F:Spring2.Core.Payment.EFSNet.QueryTransactionsResultTransaction.SalesTaxAmount">
            <remarks/>
        </member>
        <member name="F:Spring2.Core.Payment.EFSNet.QueryTransactionsResultTransaction.BillingState">
            <remarks/>
        </member>
        <member name="T:Spring2.Core.Payment.EFSNet.NewDataSet">
            <remarks/>
        </member>
        <member name="F:Spring2.Core.Payment.EFSNet.NewDataSet.Items">
            <remarks/>
        </member>
        <member name="T:Spring2.Core.Payment.PaymentConfigurationException">
            <summary>
            Exception to indicate that there is a configuration problem and that processing will not be able to happen
            </summary>
        </member>
        <member name="T:Spring2.Core.Payment.PaymentException">
            <summary>
            Base exception for all payment related exceptions
            </summary>
        </member>
        <member name="T:Spring2.Core.Payment.ProPay.MerchantSignupCommand">
            <summary>
            Summary description for MerchantSignupCommand.
            </summary>
        </member>
        <member name="T:Spring2.Core.Payment.Moneris.MonerisProvider">
            <summary>
            Summary description for MonerisProvider.
            </summary>
        </member>
        <member name="T:Spring2.Core.Payment.AvsValidationException">
            <summary>
            Exception for Avs validation failures
            </summary>
        </member>
        <member name="T:Spring2.Core.Payment.PaymentFailureException">
            <summary>
            Exception to indicate that the payment request has failed and that no funds should be moved.  This would include things like declines and card validation issues.
            </summary>
        </member>
        <member name="T:Spring2.Core.Payment.PayflowPro.SaleCommand">
            <summary>
            Summary description for SaleCommand.
            </summary>
        </member>
        <member name="T:Spring2.Core.Payment.Test.TestConnectionFailurePaymentProvider">
            <summary>
            Summary description for TestPaymentProvider.
            </summary>
        </member>
        <member name="T:Spring2.Core.Payment.PaymentConnectionException">
            <summary>
            Exception to indicate that there was a problem after a request was made and that the result may be unknown and that the payment might have been processed.
            </summary>
        </member>
        <member name="T:Spring2.Core.com.concordebiz.efsnet.EFSnet2">
            <remarks/>
        </member>
        <member name="M:Spring2.Core.com.concordebiz.efsnet.EFSnet2.#ctor">
            <remarks/>
        </member>
        <member name="M:Spring2.Core.com.concordebiz.efsnet.EFSnet2.QueryIdentityChekAuditSummary(System.String,System.String,System.String,System.String,System.String,System.String,System.String,System.String,System.String,System.String,System.String,System.String,System.String,System.String,System.String,System.String,System.String@,System.String@,System.String@)">
            <remarks/>
        </member>
        <member name="M:Spring2.Core.com.concordebiz.efsnet.EFSnet2.BeginQueryIdentityChekAuditSummary(System.String,System.String,System.String,System.String,System.String,System.String,System.String,System.String,System.String,System.String,System.String,System.String,System.String,System.String,System.String,System.String,System.AsyncCallback,System.Object)">
            <remarks/>
        </member>
        <member name="M:Spring2.Core.com.concordebiz.efsnet.EFSnet2.EndQueryIdentityChekAuditSummary(System.IAsyncResult,System.String@,System.String@,System.String@)">
            <remarks/>
        </member>
        <member name="M:Spring2.Core.com.concordebiz.efsnet.EFSnet2.QueryIdentityChekAuditRecords(System.String,System.String,System.String,System.String,System.String,System.String,System.String,System.String,System.String,System.String,System.String,System.String,System.String,System.String,System.String,System.String,System.String@,System.String@,System.String@)">
            <remarks/>
        </member>
        <member name="M:Spring2.Core.com.concordebiz.efsnet.EFSnet2.BeginQueryIdentityChekAuditRecords(System.String,System.String,System.String,System.String,System.String,System.String,System.String,System.String,System.String,System.String,System.String,System.String,System.String,System.String,System.String,System.String,System.AsyncCallback,System.Object)">
            <remarks/>
        </member>
        <member name="M:Spring2.Core.com.concordebiz.efsnet.EFSnet2.EndQueryIdentityChekAuditRecords(System.IAsyncResult,System.String@,System.String@,System.String@)">
            <remarks/>
        </member>
        <member name="M:Spring2.Core.com.concordebiz.efsnet.EFSnet2.QueryIdentityChekTransactionTotals(System.String,System.String,System.String,System.String,System.String,System.String,System.String,System.String,System.String,System.String,System.String,System.String,System.String,System.String,System.String,System.String,System.String,System.String,System.String,System.String,System.String,System.String,System.String,System.String,System.String,System.String,System.String,System.String,System.String,System.String,System.String,System.String,System.String,System.String,System.String,System.String,System.String,System.String,System.String,System.String,System.String,System.String,System.String@,System.String@,System.String@)">
            <remarks/>
        </member>
        <member name="M:Spring2.Core.com.concordebiz.efsnet.EFSnet2.BeginQueryIdentityChekTransactionTotals(System.String,System.String,System.String,System.String,System.String,System.String,System.String,System.String,System.String,System.String,System.String,System.String,System.String,System.String,System.String,System.String,System.String,System.String,System.String,System.String,System.String,System.String,System.String,System.String,System.String,System.String,System.String,System.String,System.String,System.String,System.String,System.String,System.String,System.String,System.String,System.String,System.String,System.String,System.String,System.String,System.String,System.String,System.AsyncCallback,System.Object)">
            <remarks/>
        </member>
        <member name="M:Spring2.Core.com.concordebiz.efsnet.EFSnet2.EndQueryIdentityChekTransactionTotals(System.IAsyncResult,System.String@,System.String@,System.String@)">
            <remarks/>
        </member>
        <member name="M:Spring2.Core.com.concordebiz.efsnet.EFSnet2.QueryIdentityChekTransactions(System.String,System.String,System.String,System.String,System.String,System.String,System.String,System.String,System.String,System.String,System.String,System.String,System.String,System.String,System.String,System.String,System.String,System.String,System.String,System.String,System.String,System.String,System.String,System.String,System.String,System.String,System.String,System.String,System.String,System.String,System.String,System.String,System.String,System.String,System.String,System.String,System.String,System.String,System.String,System.String,System.String,System.String,System.String@,System.String@,System.String@)">
            <remarks/>
        </member>
        <member name="M:Spring2.Core.com.concordebiz.efsnet.EFSnet2.BeginQueryIdentityChekTransactions(System.String,System.String,System.String,System.String,System.String,System.String,System.String,System.String,System.String,System.String,System.String,System.String,System.String,System.String,System.String,System.String,System.String,System.String,System.String,System.String,System.String,System.String,System.String,System.String,System.String,System.String,System.String,System.String,System.String,System.String,System.String,System.String,System.String,System.String,System.String,System.String,System.String,System.String,System.String,System.String,System.String,System.String,System.AsyncCallback,System.Object)">
            <remarks/>
        </member>
        <member name="M:Spring2.Core.com.concordebiz.efsnet.EFSnet2.EndQueryIdentityChekTransactions(System.IAsyncResult,System.String@,System.String@,System.String@)">
            <remarks/>
        </member>
        <member name="M:Spring2.Core.com.concordebiz.efsnet.EFSnet2.QueryBatchTotals(System.String,System.String,System.String,System.String,System.String,System.String,System.String,System.String,System.String,System.String,System.String,System.String,System.String,System.String,System.String,System.String,System.String@,System.String@,System.String@)">
            <remarks/>
        </member>
        <member name="M:Spring2.Core.com.concordebiz.efsnet.EFSnet2.BeginQueryBatchTotals(System.String,System.String,System.String,System.String,System.String,System.String,System.String,System.String,System.String,System.String,System.String,System.String,System.String,System.String,System.String,System.String,System.AsyncCallback,System.Object)">
            <remarks/>
        </member>
        <member name="M:Spring2.Core.com.concordebiz.efsnet.EFSnet2.EndQueryBatchTotals(System.IAsyncResult,System.String@,System.String@,System.String@)">
            <remarks/>
        </member>
        <member name="M:Spring2.Core.com.concordebiz.efsnet.EFSnet2.QueryBatches(System.String,System.String,System.String,System.String,System.String,System.String,System.String,System.String,System.String,System.String,System.String,System.String,System.String,System.String,System.String,System.String,System.String@,System.String@,System.String@)">
            <remarks/>
        </member>
        <member name="M:Spring2.Core.com.concordebiz.efsnet.EFSnet2.BeginQueryBatches(System.String,System.String,System.String,System.String,System.String,System.String,System.String,System.String,System.String,System.String,System.String,System.String,System.String,System.String,System.String,System.String,System.AsyncCallback,System.Object)">
            <remarks/>
        </member>
        <member name="M:Spring2.Core.com.concordebiz.efsnet.EFSnet2.EndQueryBatches(System.IAsyncResult,System.String@,System.String@,System.String@)">
            <remarks/>
        </member>
        <member name="M:Spring2.Core.com.concordebiz.efsnet.EFSnet2.QueryTransactionTotals(System.String,System.String,System.String,System.String,System.String,System.String,System.String,System.String,System.String,System.String,System.String,System.String,System.String,System.String,System.String,System.String,System.String,System.String,System.String,System.String,System.String,System.String,System.String,System.String,System.String,System.String,System.String,System.String,System.String,System.String,System.String,System.String,System.String,System.String,System.String,System.String,System.String,System.String,System.String,System.String,System.String,System.String,System.String,System.String,System.String,System.String,System.String@,System.String@,System.String@)">
            <remarks/>
        </member>
        <member name="M:Spring2.Core.com.concordebiz.efsnet.EFSnet2.BeginQueryTransactionTotals(System.String,System.String,System.String,System.String,System.String,System.String,System.String,System.String,System.String,System.String,System.String,System.String,System.String,System.String,System.String,System.String,System.String,System.String,System.String,System.String,System.String,System.String,System.String,System.String,System.String,System.String,System.String,System.String,System.String,System.String,System.String,System.String,System.String,System.String,System.String,System.String,System.String,System.String,System.String,System.String,System.String,System.String,System.String,System.String,System.String,System.String,System.AsyncCallback,System.Object)">
            <remarks/>
        </member>
        <member name="M:Spring2.Core.com.concordebiz.efsnet.EFSnet2.EndQueryTransactionTotals(System.IAsyncResult,System.String@,System.String@,System.String@)">
            <remarks/>
        </member>
        <member name="M:Spring2.Core.com.concordebiz.efsnet.EFSnet2.QueryTransactions(System.String,System.String,System.String,System.String,System.String,System.String,System.String,System.String,System.String,System.String,System.String,System.String,System.String,System.String,System.String,System.String,System.String,System.String,System.String,System.String,System.String,System.String,System.String,System.String,System.String,System.String,System.String,System.String,System.String,System.String,System.String,System.String,System.String,System.String,System.String,System.String,System.String,System.String,System.String,System.String,System.String,System.String,System.String,System.String,System.String,System.String,System.String@,System.String@,System.String@)">
            <remarks/>
        </member>
        <member name="M:Spring2.Core.com.concordebiz.efsnet.EFSnet2.BeginQueryTransactions(System.String,System.String,System.String,System.String,System.String,System.String,System.String,System.String,System.String,System.String,System.String,System.String,System.String,System.String,System.String,System.String,System.String,System.String,System.String,System.String,System.String,System.String,System.String,System.String,System.String,System.String,System.String,System.String,System.String,System.String,System.String,System.String,System.String,System.String,System.String,System.String,System.String,System.String,System.String,System.String,System.String,System.String,System.String,System.String,System.String,System.String,System.AsyncCallback,System.Object)">
            <remarks/>
        </member>
        <member name="M:Spring2.Core.com.concordebiz.efsnet.EFSnet2.EndQueryTransactions(System.IAsyncResult,System.String@,System.String@,System.String@)">
            <remarks/>
        </member>
        <member name="M:Spring2.Core.com.concordebiz.efsnet.EFSnet2.GetSettlementTotals(System.String,System.String,System.String,System.String,System.String@,System.String@,System.String@,System.String@)">
            <remarks/>
        </member>
        <member name="M:Spring2.Core.com.concordebiz.efsnet.EFSnet2.BeginGetSettlementTotals(System.String,System.String,System.String,System.String,System.AsyncCallback,System.Object)">
            <remarks/>
        </member>
        <member name="M:Spring2.Core.com.concordebiz.efsnet.EFSnet2.EndGetSettlementTotals(System.IAsyncResult,System.String@,System.String@,System.String@,System.String@)">
            <remarks/>
        </member>
        <member name="M:Spring2.Core.com.concordebiz.efsnet.EFSnet2.GetProcessorTotals(System.String,System.String,System.String,System.String,System.String,System.String@,System.String@,System.String@,System.String@)">
            <remarks/>
        </member>
        <member name="M:Spring2.Core.com.concordebiz.efsnet.EFSnet2.BeginGetProcessorTotals(System.String,System.String,System.String,System.String,System.String,System.AsyncCallback,System.Object)">
            <remarks/>
        </member>
        <member name="M:Spring2.Core.com.concordebiz.efsnet.EFSnet2.EndGetProcessorTotals(System.IAsyncResult,System.String@,System.String@,System.String@,System.String@)">
            <remarks/>
        </member>
        <member name="M:Spring2.Core.com.concordebiz.efsnet.EFSnet2.TimeOutReversal(System.String,System.String,System.String,System.String,System.String,System.String@,System.String@)">
            <remarks/>
        </member>
        <member name="M:Spring2.Core.com.concordebiz.efsnet.EFSnet2.BeginTimeOutReversal(System.String,System.String,System.String,System.String,System.String,System.AsyncCallback,System.Object)">
            <remarks/>
        </member>
        <member name="M:Spring2.Core.com.concordebiz.efsnet.EFSnet2.EndTimeOutReversal(System.IAsyncResult,System.String@,System.String@)">
            <remarks/>
        </member>
        <member name="M:Spring2.Core.com.concordebiz.efsnet.EFSnet2.VoidTransaction(System.String,System.String,System.String,System.String,System.String@,System.String@)">
            <remarks/>
        </member>
        <member name="M:Spring2.Core.com.concordebiz.efsnet.EFSnet2.BeginVoidTransaction(System.String,System.String,System.String,System.String,System.AsyncCallback,System.Object)">
            <remarks/>
        </member>
        <member name="M:Spring2.Core.com.concordebiz.efsnet.EFSnet2.EndVoidTransaction(System.IAsyncResult,System.String@,System.String@)">
            <remarks/>
        </member>
        <member name="M:Spring2.Core.com.concordebiz.efsnet.EFSnet2.IdentityChek(System.String,System.String,System.String,System.String,System.String,System.String,System.String,System.String,System.String,System.String,System.String,System.String,System.String,System.String,System.String,System.String,System.String,System.String,System.String,System.String,System.String,System.String,System.String,System.String,System.String,System.String,System.String,System.String,System.String,System.String,System.String,System.String,System.String,System.String,System.String,System.String@,System.String@,System.String@,System.String@,System.String@,System.String@,System.String@,System.String@,System.String@,System.String@,System.String@,System.String@,System.String@,System.String@,System.String@,System.String@)">
            <remarks/>
        </member>
        <member name="M:Spring2.Core.com.concordebiz.efsnet.EFSnet2.BeginIdentityChek(System.String,System.String,System.String,System.String,System.String,System.String,System.String,System.String,System.String,System.String,System.String,System.String,System.String,System.String,System.String,System.String,System.String,System.String,System.String,System.String,System.String,System.String,System.String,System.String,System.String,System.String,System.String,System.String,System.String,System.String,System.String,System.String,System.String,System.String,System.String,System.AsyncCallback,System.Object)">
            <remarks/>
        </member>
        <member name="M:Spring2.Core.com.concordebiz.efsnet.EFSnet2.EndIdentityChek(System.IAsyncResult,System.String@,System.String@,System.String@,System.String@,System.String@,System.String@,System.String@,System.String@,System.String@,System.String@,System.String@,System.String@,System.String@,System.String@,System.String@,System.String@)">
            <remarks/>
        </member>
        <member name="M:Spring2.Core.com.concordebiz.efsnet.EFSnet2.TeleCheckICARefund(System.String,System.String,System.String,System.String,System.String,System.String,System.String,System.String,System.String,System.String@,System.String@,System.String@,System.String@,System.String@)">
            <remarks/>
        </member>
        <member name="M:Spring2.Core.com.concordebiz.efsnet.EFSnet2.BeginTeleCheckICARefund(System.String,System.String,System.String,System.String,System.String,System.String,System.String,System.String,System.String,System.AsyncCallback,System.Object)">
            <remarks/>
        </member>
        <member name="M:Spring2.Core.com.concordebiz.efsnet.EFSnet2.EndTeleCheckICARefund(System.IAsyncResult,System.String@,System.String@,System.String@,System.String@,System.String@)">
            <remarks/>
        </member>
        <member name="M:Spring2.Core.com.concordebiz.efsnet.EFSnet2.TeleCheckICASettle(System.String,System.String,System.String,System.String,System.String,System.String,System.String,System.String,System.String,System.String@,System.String@,System.String@,System.String@,System.String@)">
            <remarks/>
        </member>
        <member name="M:Spring2.Core.com.concordebiz.efsnet.EFSnet2.BeginTeleCheckICASettle(System.String,System.String,System.String,System.String,System.String,System.String,System.String,System.String,System.String,System.AsyncCallback,System.Object)">
            <remarks/>
        </member>
        <member name="M:Spring2.Core.com.concordebiz.efsnet.EFSnet2.EndTeleCheckICASettle(System.IAsyncResult,System.String@,System.String@,System.String@,System.String@,System.String@)">
            <remarks/>
        </member>
        <member name="M:Spring2.Core.com.concordebiz.efsnet.EFSnet2.TeleCheckICAAuthorize(System.String,System.String,System.String,System.String,System.String,System.String,System.String,System.String,System.String,System.String,System.String,System.String,System.String,System.String,System.String,System.String,System.String,System.String,System.String,System.String,System.String,System.String,System.String,System.String,System.String,System.String,System.String,System.String,System.String,System.String,System.String,System.String,System.String,System.String,System.String@,System.String@,System.String@,System.String@,System.String@,System.String@)">
            <remarks/>
        </member>
        <member name="M:Spring2.Core.com.concordebiz.efsnet.EFSnet2.BeginTeleCheckICAAuthorize(System.String,System.String,System.String,System.String,System.String,System.String,System.String,System.String,System.String,System.String,System.String,System.String,System.String,System.String,System.String,System.String,System.String,System.String,System.String,System.String,System.String,System.String,System.String,System.String,System.String,System.String,System.String,System.String,System.String,System.String,System.String,System.String,System.String,System.String,System.AsyncCallback,System.Object)">
            <remarks/>
        </member>
        <member name="M:Spring2.Core.com.concordebiz.efsnet.EFSnet2.EndTeleCheckICAAuthorize(System.IAsyncResult,System.String@,System.String@,System.String@,System.String@,System.String@,System.String@)">
            <remarks/>
        </member>
        <member name="M:Spring2.Core.com.concordebiz.efsnet.EFSnet2.TeleCheckRiskManagement(System.String,System.String,System.String,System.String,System.String,System.String,System.String,System.String,System.String,System.String,System.String,System.String,System.String,System.String,System.String,System.String@,System.String@,System.String@,System.String@,System.String@,System.String@)">
            <remarks/>
        </member>
        <member name="M:Spring2.Core.com.concordebiz.efsnet.EFSnet2.BeginTeleCheckRiskManagement(System.String,System.String,System.String,System.String,System.String,System.String,System.String,System.String,System.String,System.String,System.String,System.String,System.String,System.String,System.String,System.AsyncCallback,System.Object)">
            <remarks/>
        </member>
        <member name="M:Spring2.Core.com.concordebiz.efsnet.EFSnet2.EndTeleCheckRiskManagement(System.IAsyncResult,System.String@,System.String@,System.String@,System.String@,System.String@,System.String@)">
            <remarks/>
        </member>
        <member name="M:Spring2.Core.com.concordebiz.efsnet.EFSnet2.STARChekDirectDebit(System.String,System.String,System.String,System.String,System.String,System.String,System.String,System.String,System.String,System.String,System.String,System.String,System.String@,System.String@,System.String@,System.String@,System.String@,System.String@)">
            <remarks/>
        </member>
        <member name="M:Spring2.Core.com.concordebiz.efsnet.EFSnet2.BeginSTARChekDirectDebit(System.String,System.String,System.String,System.String,System.String,System.String,System.String,System.String,System.String,System.String,System.String,System.String,System.AsyncCallback,System.Object)">
            <remarks/>
        </member>
        <member name="M:Spring2.Core.com.concordebiz.efsnet.EFSnet2.EndSTARChekDirectDebit(System.IAsyncResult,System.String@,System.String@,System.String@,System.String@,System.String@,System.String@)">
            <remarks/>
        </member>
        <member name="M:Spring2.Core.com.concordebiz.efsnet.EFSnet2.STARChekDirectVerify(System.String,System.String,System.String,System.String,System.String,System.String,System.String,System.String,System.String,System.String,System.String,System.String,System.String@,System.String@,System.String@,System.String@,System.String@,System.String@)">
            <remarks/>
        </member>
        <member name="M:Spring2.Core.com.concordebiz.efsnet.EFSnet2.BeginSTARChekDirectVerify(System.String,System.String,System.String,System.String,System.String,System.String,System.String,System.String,System.String,System.String,System.String,System.String,System.AsyncCallback,System.Object)">
            <remarks/>
        </member>
        <member name="M:Spring2.Core.com.concordebiz.efsnet.EFSnet2.EndSTARChekDirectVerify(System.IAsyncResult,System.String@,System.String@,System.String@,System.String@,System.String@,System.String@)">
            <remarks/>
        </member>
        <member name="M:Spring2.Core.com.concordebiz.efsnet.EFSnet2.FIAccountVerification(System.String,System.String,System.String,System.String,System.String,System.String,System.String,System.String,System.String,System.String,System.String,System.String,System.String,System.String,System.String,System.String,System.String,System.String,System.String,System.String,System.String,System.String,System.String,System.String,System.String,System.String,System.String,System.String,System.String,System.String,System.String,System.String,System.String@,System.String@,System.String@,System.String@,System.String@,System.String@,System.String@,System.String@)">
            <remarks/>
        </member>
        <member name="M:Spring2.Core.com.concordebiz.efsnet.EFSnet2.BeginFIAccountVerification(System.String,System.String,System.String,System.String,System.String,System.String,System.String,System.String,System.String,System.String,System.String,System.String,System.String,System.String,System.String,System.String,System.String,System.String,System.String,System.String,System.String,System.String,System.String,System.String,System.String,System.String,System.String,System.String,System.String,System.String,System.String,System.String,System.AsyncCallback,System.Object)">
            <remarks/>
        </member>
        <member name="M:Spring2.Core.com.concordebiz.efsnet.EFSnet2.EndFIAccountVerification(System.IAsyncResult,System.String@,System.String@,System.String@,System.String@,System.String@,System.String@,System.String@,System.String@)">
            <remarks/>
        </member>
        <member name="M:Spring2.Core.com.concordebiz.efsnet.EFSnet2.STARChek(System.String,System.String,System.String,System.String,System.String,System.String,System.String,System.String,System.String,System.String,System.String,System.String,System.String@,System.String@,System.String@,System.String@,System.String@)">
            <remarks/>
        </member>
        <member name="M:Spring2.Core.com.concordebiz.efsnet.EFSnet2.BeginSTARChek(System.String,System.String,System.String,System.String,System.String,System.String,System.String,System.String,System.String,System.String,System.String,System.String,System.AsyncCallback,System.Object)">
            <remarks/>
        </member>
        <member name="M:Spring2.Core.com.concordebiz.efsnet.EFSnet2.EndSTARChek(System.IAsyncResult,System.String@,System.String@,System.String@,System.String@,System.String@)">
            <remarks/>
        </member>
        <member name="M:Spring2.Core.com.concordebiz.efsnet.EFSnet2.GiftCardDeactivate(System.String,System.String,System.String,System.String,System.String,System.String,System.String,System.String,System.String,System.String,System.String,System.String,System.String@,System.String@,System.String@,System.String@,System.String@,System.String@)">
            <remarks/>
        </member>
        <member name="M:Spring2.Core.com.concordebiz.efsnet.EFSnet2.BeginGiftCardDeactivate(System.String,System.String,System.String,System.String,System.String,System.String,System.String,System.String,System.String,System.String,System.String,System.String,System.AsyncCallback,System.Object)">
            <remarks/>
        </member>
        <member name="M:Spring2.Core.com.concordebiz.efsnet.EFSnet2.EndGiftCardDeactivate(System.IAsyncResult,System.String@,System.String@,System.String@,System.String@,System.String@,System.String@)">
            <remarks/>
        </member>
        <member name="M:Spring2.Core.com.concordebiz.efsnet.EFSnet2.GiftCardActivate(System.String,System.String,System.String,System.String,System.String,System.String,System.String,System.String,System.String,System.String,System.String,System.String,System.String@,System.String@,System.String@,System.String@,System.String@,System.String@)">
            <remarks/>
        </member>
        <member name="M:Spring2.Core.com.concordebiz.efsnet.EFSnet2.BeginGiftCardActivate(System.String,System.String,System.String,System.String,System.String,System.String,System.String,System.String,System.String,System.String,System.String,System.String,System.AsyncCallback,System.Object)">
            <remarks/>
        </member>
        <member name="M:Spring2.Core.com.concordebiz.efsnet.EFSnet2.EndGiftCardActivate(System.IAsyncResult,System.String@,System.String@,System.String@,System.String@,System.String@,System.String@)">
            <remarks/>
        </member>
        <member name="M:Spring2.Core.com.concordebiz.efsnet.EFSnet2.GiftCardBalanceIncrease(System.String,System.String,System.String,System.String,System.String,System.String,System.String,System.String,System.String,System.String,System.String,System.String,System.String@,System.String@,System.String@,System.String@,System.String@,System.String@)">
            <remarks/>
        </member>
        <member name="M:Spring2.Core.com.concordebiz.efsnet.EFSnet2.BeginGiftCardBalanceIncrease(System.String,System.String,System.String,System.String,System.String,System.String,System.String,System.String,System.String,System.String,System.String,System.String,System.AsyncCallback,System.Object)">
            <remarks/>
        </member>
        <member name="M:Spring2.Core.com.concordebiz.efsnet.EFSnet2.EndGiftCardBalanceIncrease(System.IAsyncResult,System.String@,System.String@,System.String@,System.String@,System.String@,System.String@)">
            <remarks/>
        </member>
        <member name="M:Spring2.Core.com.concordebiz.efsnet.EFSnet2.GiftCardBalanceInquiry(System.String,System.String,System.String,System.String,System.String,System.String,System.String,System.String,System.String,System.String,System.String,System.String@,System.String@,System.String@,System.String@,System.String@,System.String@)">
            <remarks/>
        </member>
        <member name="M:Spring2.Core.com.concordebiz.efsnet.EFSnet2.BeginGiftCardBalanceInquiry(System.String,System.String,System.String,System.String,System.String,System.String,System.String,System.String,System.String,System.String,System.String,System.AsyncCallback,System.Object)">
            <remarks/>
        </member>
        <member name="M:Spring2.Core.com.concordebiz.efsnet.EFSnet2.EndGiftCardBalanceInquiry(System.IAsyncResult,System.String@,System.String@,System.String@,System.String@,System.String@,System.String@)">
            <remarks/>
        </member>
        <member name="M:Spring2.Core.com.concordebiz.efsnet.EFSnet2.GiftCardCredit(System.String,System.String,System.String,System.String,System.String,System.String,System.String,System.String,System.String,System.String,System.String,System.String,System.String,System.String,System.String,System.String,System.String,System.String,System.String,System.String,System.String,System.String,System.String@,System.String@,System.String@,System.String@,System.String@,System.String@)">
            <remarks/>
        </member>
        <member name="M:Spring2.Core.com.concordebiz.efsnet.EFSnet2.BeginGiftCardCredit(System.String,System.String,System.String,System.String,System.String,System.String,System.String,System.String,System.String,System.String,System.String,System.String,System.String,System.String,System.String,System.String,System.String,System.String,System.String,System.String,System.String,System.String,System.AsyncCallback,System.Object)">
            <remarks/>
        </member>
        <member name="M:Spring2.Core.com.concordebiz.efsnet.EFSnet2.EndGiftCardCredit(System.IAsyncResult,System.String@,System.String@,System.String@,System.String@,System.String@,System.String@)">
            <remarks/>
        </member>
        <member name="M:Spring2.Core.com.concordebiz.efsnet.EFSnet2.GiftCardRefund(System.String,System.String,System.String,System.String,System.String,System.String,System.String,System.String,System.String,System.String,System.String@,System.String@,System.String@,System.String@,System.String@,System.String@)">
            <remarks/>
        </member>
        <member name="M:Spring2.Core.com.concordebiz.efsnet.EFSnet2.BeginGiftCardRefund(System.String,System.String,System.String,System.String,System.String,System.String,System.String,System.String,System.String,System.String,System.AsyncCallback,System.Object)">
            <remarks/>
        </member>
        <member name="M:Spring2.Core.com.concordebiz.efsnet.EFSnet2.EndGiftCardRefund(System.IAsyncResult,System.String@,System.String@,System.String@,System.String@,System.String@,System.String@)">
            <remarks/>
        </member>
        <member name="M:Spring2.Core.com.concordebiz.efsnet.EFSnet2.GiftCardCapture(System.String,System.String,System.String,System.String,System.String,System.String,System.String,System.String,System.String,System.String,System.String,System.String,System.String,System.String,System.String,System.String,System.String,System.String,System.String,System.String,System.String,System.String,System.String,System.String,System.String,System.String,System.String,System.String,System.String,System.String,System.String,System.String@,System.String@,System.String@,System.String@,System.String@,System.String@)">
            <remarks/>
        </member>
        <member name="M:Spring2.Core.com.concordebiz.efsnet.EFSnet2.BeginGiftCardCapture(System.String,System.String,System.String,System.String,System.String,System.String,System.String,System.String,System.String,System.String,System.String,System.String,System.String,System.String,System.String,System.String,System.String,System.String,System.String,System.String,System.String,System.String,System.String,System.String,System.String,System.String,System.String,System.String,System.String,System.String,System.String,System.AsyncCallback,System.Object)">
            <remarks/>
        </member>
        <member name="M:Spring2.Core.com.concordebiz.efsnet.EFSnet2.EndGiftCardCapture(System.IAsyncResult,System.String@,System.String@,System.String@,System.String@,System.String@,System.String@)">
            <remarks/>
        </member>
        <member name="M:Spring2.Core.com.concordebiz.efsnet.EFSnet2.GiftCardSettle(System.String,System.String,System.String,System.String,System.String,System.String,System.String,System.String,System.String,System.String,System.String@,System.String@,System.String@,System.String@,System.String@,System.String@)">
            <remarks/>
        </member>
        <member name="M:Spring2.Core.com.concordebiz.efsnet.EFSnet2.BeginGiftCardSettle(System.String,System.String,System.String,System.String,System.String,System.String,System.String,System.String,System.String,System.String,System.AsyncCallback,System.Object)">
            <remarks/>
        </member>
        <member name="M:Spring2.Core.com.concordebiz.efsnet.EFSnet2.EndGiftCardSettle(System.IAsyncResult,System.String@,System.String@,System.String@,System.String@,System.String@,System.String@)">
            <remarks/>
        </member>
        <member name="M:Spring2.Core.com.concordebiz.efsnet.EFSnet2.GiftCardAuthorize(System.String,System.String,System.String,System.String,System.String,System.String,System.String,System.String,System.String,System.String,System.String,System.String,System.String,System.String,System.String,System.String,System.String,System.String,System.String,System.String,System.String,System.String,System.String,System.String,System.String,System.String,System.String,System.String,System.String,System.String,System.String@,System.String@,System.String@,System.String@,System.String@,System.String@,System.String@,System.String@,System.String@)">
            <remarks/>
        </member>
        <member name="M:Spring2.Core.com.concordebiz.efsnet.EFSnet2.BeginGiftCardAuthorize(System.String,System.String,System.String,System.String,System.String,System.String,System.String,System.String,System.String,System.String,System.String,System.String,System.String,System.String,System.String,System.String,System.String,System.String,System.String,System.String,System.String,System.String,System.String,System.String,System.String,System.String,System.String,System.String,System.String,System.String,System.AsyncCallback,System.Object)">
            <remarks/>
        </member>
        <member name="M:Spring2.Core.com.concordebiz.efsnet.EFSnet2.EndGiftCardAuthorize(System.IAsyncResult,System.String@,System.String@,System.String@,System.String@,System.String@,System.String@,System.String@,System.String@,System.String@)">
            <remarks/>
        </member>
        <member name="M:Spring2.Core.com.concordebiz.efsnet.EFSnet2.GiftCardCharge(System.String,System.String,System.String,System.String,System.String,System.String,System.String,System.String,System.String,System.String,System.String,System.String,System.String,System.String,System.String,System.String,System.String,System.String,System.String,System.String,System.String,System.String,System.String,System.String,System.String,System.String,System.String,System.String,System.String,System.String,System.String@,System.String@,System.String@,System.String@,System.String@,System.String@)">
            <remarks/>
        </member>
        <member name="M:Spring2.Core.com.concordebiz.efsnet.EFSnet2.BeginGiftCardCharge(System.String,System.String,System.String,System.String,System.String,System.String,System.String,System.String,System.String,System.String,System.String,System.String,System.String,System.String,System.String,System.String,System.String,System.String,System.String,System.String,System.String,System.String,System.String,System.String,System.String,System.String,System.String,System.String,System.String,System.String,System.AsyncCallback,System.Object)">
            <remarks/>
        </member>
        <member name="M:Spring2.Core.com.concordebiz.efsnet.EFSnet2.EndGiftCardCharge(System.IAsyncResult,System.String@,System.String@,System.String@,System.String@,System.String@,System.String@)">
            <remarks/>
        </member>
        <member name="M:Spring2.Core.com.concordebiz.efsnet.EFSnet2.BenefitsBalanceInquiry(System.String,System.String,System.String,System.String,System.String,System.String,System.String,System.String,System.String,System.String,System.String,System.String@,System.String@,System.String@,System.String@,System.String@,System.String@,System.String@)">
            <remarks/>
        </member>
        <member name="M:Spring2.Core.com.concordebiz.efsnet.EFSnet2.BeginBenefitsBalanceInquiry(System.String,System.String,System.String,System.String,System.String,System.String,System.String,System.String,System.String,System.String,System.String,System.AsyncCallback,System.Object)">
            <remarks/>
        </member>
        <member name="M:Spring2.Core.com.concordebiz.efsnet.EFSnet2.EndBenefitsBalanceInquiry(System.IAsyncResult,System.String@,System.String@,System.String@,System.String@,System.String@,System.String@,System.String@)">
            <remarks/>
        </member>
        <member name="M:Spring2.Core.com.concordebiz.efsnet.EFSnet2.CashBenefitCharge(System.String,System.String,System.String,System.String,System.String,System.String,System.String,System.String,System.String,System.String,System.String,System.String,System.String,System.String,System.String@,System.String@,System.String@,System.String@,System.String@,System.String@,System.String@,System.String@)">
            <remarks/>
        </member>
        <member name="M:Spring2.Core.com.concordebiz.efsnet.EFSnet2.BeginCashBenefitCharge(System.String,System.String,System.String,System.String,System.String,System.String,System.String,System.String,System.String,System.String,System.String,System.String,System.String,System.String,System.AsyncCallback,System.Object)">
            <remarks/>
        </member>
        <member name="M:Spring2.Core.com.concordebiz.efsnet.EFSnet2.EndCashBenefitCharge(System.IAsyncResult,System.String@,System.String@,System.String@,System.String@,System.String@,System.String@,System.String@,System.String@)">
            <remarks/>
        </member>
        <member name="M:Spring2.Core.com.concordebiz.efsnet.EFSnet2.FoodStampVoucher(System.String,System.String,System.String,System.String,System.String,System.String,System.String,System.String,System.String,System.String,System.String,System.String,System.String@,System.String@,System.String@,System.String@,System.String@)">
            <remarks/>
        </member>
        <member name="M:Spring2.Core.com.concordebiz.efsnet.EFSnet2.BeginFoodStampVoucher(System.String,System.String,System.String,System.String,System.String,System.String,System.String,System.String,System.String,System.String,System.String,System.String,System.AsyncCallback,System.Object)">
            <remarks/>
        </member>
        <member name="M:Spring2.Core.com.concordebiz.efsnet.EFSnet2.EndFoodStampVoucher(System.IAsyncResult,System.String@,System.String@,System.String@,System.String@,System.String@)">
            <remarks/>
        </member>
        <member name="M:Spring2.Core.com.concordebiz.efsnet.EFSnet2.FoodStampCredit(System.String,System.String,System.String,System.String,System.String,System.String,System.String,System.String,System.String,System.String,System.String,System.String,System.String,System.String@,System.String@,System.String@,System.String@,System.String@,System.String@,System.String@,System.String@)">
            <remarks/>
        </member>
        <member name="M:Spring2.Core.com.concordebiz.efsnet.EFSnet2.BeginFoodStampCredit(System.String,System.String,System.String,System.String,System.String,System.String,System.String,System.String,System.String,System.String,System.String,System.String,System.String,System.AsyncCallback,System.Object)">
            <remarks/>
        </member>
        <member name="M:Spring2.Core.com.concordebiz.efsnet.EFSnet2.EndFoodStampCredit(System.IAsyncResult,System.String@,System.String@,System.String@,System.String@,System.String@,System.String@,System.String@,System.String@)">
            <remarks/>
        </member>
        <member name="M:Spring2.Core.com.concordebiz.efsnet.EFSnet2.FoodStampCharge(System.String,System.String,System.String,System.String,System.String,System.String,System.String,System.String,System.String,System.String,System.String,System.String,System.String,System.String@,System.String@,System.String@,System.String@,System.String@,System.String@,System.String@,System.String@)">
            <remarks/>
        </member>
        <member name="M:Spring2.Core.com.concordebiz.efsnet.EFSnet2.BeginFoodStampCharge(System.String,System.String,System.String,System.String,System.String,System.String,System.String,System.String,System.String,System.String,System.String,System.String,System.String,System.AsyncCallback,System.Object)">
            <remarks/>
        </member>
        <member name="M:Spring2.Core.com.concordebiz.efsnet.EFSnet2.EndFoodStampCharge(System.IAsyncResult,System.String@,System.String@,System.String@,System.String@,System.String@,System.String@,System.String@,System.String@)">
            <remarks/>
        </member>
        <member name="M:Spring2.Core.com.concordebiz.efsnet.EFSnet2.DebitSessionKeyChange(System.String,System.String,System.String,System.String,System.String@,System.String@,System.String@)">
            <remarks/>
        </member>
        <member name="M:Spring2.Core.com.concordebiz.efsnet.EFSnet2.BeginDebitSessionKeyChange(System.String,System.String,System.String,System.String,System.AsyncCallback,System.Object)">
            <remarks/>
        </member>
        <member name="M:Spring2.Core.com.concordebiz.efsnet.EFSnet2.EndDebitSessionKeyChange(System.IAsyncResult,System.String@,System.String@,System.String@)">
            <remarks/>
        </member>
        <member name="M:Spring2.Core.com.concordebiz.efsnet.EFSnet2.DebitCardCredit(System.String,System.String,System.String,System.String,System.String,System.String,System.String,System.String,System.String,System.String,System.String,System.String,System.String,System.String,System.String,System.String,System.String,System.String,System.String,System.String,System.String,System.String,System.String,System.String,System.String,System.String,System.String@,System.String@,System.String@,System.String@,System.String@,System.String@,System.String@)">
            <remarks/>
        </member>
        <member name="M:Spring2.Core.com.concordebiz.efsnet.EFSnet2.BeginDebitCardCredit(System.String,System.String,System.String,System.String,System.String,System.String,System.String,System.String,System.String,System.String,System.String,System.String,System.String,System.String,System.String,System.String,System.String,System.String,System.String,System.String,System.String,System.String,System.String,System.String,System.String,System.String,System.AsyncCallback,System.Object)">
            <remarks/>
        </member>
        <member name="M:Spring2.Core.com.concordebiz.efsnet.EFSnet2.EndDebitCardCredit(System.IAsyncResult,System.String@,System.String@,System.String@,System.String@,System.String@,System.String@,System.String@)">
            <remarks/>
        </member>
        <member name="M:Spring2.Core.com.concordebiz.efsnet.EFSnet2.DebitCardCapture(System.String,System.String,System.String,System.String,System.String,System.String,System.String,System.String,System.String,System.String,System.String,System.String,System.String,System.String,System.String,System.String,System.String,System.String,System.String,System.String,System.String,System.String,System.String,System.String,System.String,System.String,System.String,System.String,System.String,System.String,System.String,System.String,System.String,System.String,System.String,System.String,System.String@,System.String@,System.String@,System.String@,System.String@)">
            <remarks/>
        </member>
        <member name="M:Spring2.Core.com.concordebiz.efsnet.EFSnet2.BeginDebitCardCapture(System.String,System.String,System.String,System.String,System.String,System.String,System.String,System.String,System.String,System.String,System.String,System.String,System.String,System.String,System.String,System.String,System.String,System.String,System.String,System.String,System.String,System.String,System.String,System.String,System.String,System.String,System.String,System.String,System.String,System.String,System.String,System.String,System.String,System.String,System.String,System.String,System.AsyncCallback,System.Object)">
            <remarks/>
        </member>
        <member name="M:Spring2.Core.com.concordebiz.efsnet.EFSnet2.EndDebitCardCapture(System.IAsyncResult,System.String@,System.String@,System.String@,System.String@,System.String@)">
            <remarks/>
        </member>
        <member name="M:Spring2.Core.com.concordebiz.efsnet.EFSnet2.DebitCardAuthorize(System.String,System.String,System.String,System.String,System.String,System.String,System.String,System.String,System.String,System.String,System.String,System.String,System.String,System.String,System.String,System.String,System.String,System.String,System.String,System.String,System.String,System.String,System.String,System.String,System.String,System.String,System.String,System.String,System.String,System.String,System.String,System.String,System.String,System.String,System.String,System.String@,System.String@,System.String@,System.String@,System.String@,System.String@,System.String@,System.String@)">
            <remarks/>
        </member>
        <member name="M:Spring2.Core.com.concordebiz.efsnet.EFSnet2.BeginDebitCardAuthorize(System.String,System.String,System.String,System.String,System.String,System.String,System.String,System.String,System.String,System.String,System.String,System.String,System.String,System.String,System.String,System.String,System.String,System.String,System.String,System.String,System.String,System.String,System.String,System.String,System.String,System.String,System.String,System.String,System.String,System.String,System.String,System.String,System.String,System.String,System.String,System.AsyncCallback,System.Object)">
            <remarks/>
        </member>
        <member name="M:Spring2.Core.com.concordebiz.efsnet.EFSnet2.EndDebitCardAuthorize(System.IAsyncResult,System.String@,System.String@,System.String@,System.String@,System.String@,System.String@,System.String@,System.String@)">
            <remarks/>
        </member>
        <member name="M:Spring2.Core.com.concordebiz.efsnet.EFSnet2.DebitCardChargePINless(System.String,System.String,System.String,System.String,System.String,System.String,System.String,System.String,System.String,System.String,System.String,System.String,System.String,System.String,System.String,System.String,System.String,System.String,System.String,System.String,System.String,System.String,System.String,System.String,System.String,System.String,System.String,System.String,System.String,System.String@,System.String@,System.String@,System.String@,System.String@,System.String@,System.String@)">
            <remarks/>
        </member>
        <member name="M:Spring2.Core.com.concordebiz.efsnet.EFSnet2.BeginDebitCardChargePINless(System.String,System.String,System.String,System.String,System.String,System.String,System.String,System.String,System.String,System.String,System.String,System.String,System.String,System.String,System.String,System.String,System.String,System.String,System.String,System.String,System.String,System.String,System.String,System.String,System.String,System.String,System.String,System.String,System.String,System.AsyncCallback,System.Object)">
            <remarks/>
        </member>
        <member name="M:Spring2.Core.com.concordebiz.efsnet.EFSnet2.EndDebitCardChargePINless(System.IAsyncResult,System.String@,System.String@,System.String@,System.String@,System.String@,System.String@,System.String@)">
            <remarks/>
        </member>
        <member name="M:Spring2.Core.com.concordebiz.efsnet.EFSnet2.DebitCardCharge(System.String,System.String,System.String,System.String,System.String,System.String,System.String,System.String,System.String,System.String,System.String,System.String,System.String,System.String,System.String,System.String,System.String,System.String,System.String,System.String,System.String,System.String,System.String,System.String,System.String,System.String,System.String,System.String,System.String,System.String,System.String,System.String,System.String,System.String,System.String,System.String@,System.String@,System.String@,System.String@,System.String@,System.String@,System.String@)">
            <remarks/>
        </member>
        <member name="M:Spring2.Core.com.concordebiz.efsnet.EFSnet2.BeginDebitCardCharge(System.String,System.String,System.String,System.String,System.String,System.String,System.String,System.String,System.String,System.String,System.String,System.String,System.String,System.String,System.String,System.String,System.String,System.String,System.String,System.String,System.String,System.String,System.String,System.String,System.String,System.String,System.String,System.String,System.String,System.String,System.String,System.String,System.String,System.String,System.String,System.AsyncCallback,System.Object)">
            <remarks/>
        </member>
        <member name="M:Spring2.Core.com.concordebiz.efsnet.EFSnet2.EndDebitCardCharge(System.IAsyncResult,System.String@,System.String@,System.String@,System.String@,System.String@,System.String@,System.String@)">
            <remarks/>
        </member>
        <member name="M:Spring2.Core.com.concordebiz.efsnet.EFSnet2.CreditCardAddressVerify(System.String,System.String,System.String,System.String,System.String,System.String,System.String,System.String,System.String,System.String,System.String,System.String,System.String,System.String,System.String,System.String,System.String,System.String,System.String,System.String@,System.String@,System.String@,System.String@,System.String@,System.String@)">
            <remarks/>
        </member>
        <member name="M:Spring2.Core.com.concordebiz.efsnet.EFSnet2.BeginCreditCardAddressVerify(System.String,System.String,System.String,System.String,System.String,System.String,System.String,System.String,System.String,System.String,System.String,System.String,System.String,System.String,System.String,System.String,System.String,System.String,System.String,System.AsyncCallback,System.Object)">
            <remarks/>
        </member>
        <member name="M:Spring2.Core.com.concordebiz.efsnet.EFSnet2.EndCreditCardAddressVerify(System.IAsyncResult,System.String@,System.String@,System.String@,System.String@,System.String@,System.String@)">
            <remarks/>
        </member>
        <member name="M:Spring2.Core.com.concordebiz.efsnet.EFSnet2.ProcessAuthenticationResponse(System.String,System.String,System.String,System.String,System.String,System.String@,System.String@,System.String@,System.String@,System.String@,System.String@,System.String@,System.String@,System.String@,System.String@,System.String@,System.String@,System.String@,System.String@)">
            <remarks/>
        </member>
        <member name="M:Spring2.Core.com.concordebiz.efsnet.EFSnet2.BeginProcessAuthenticationResponse(System.String,System.String,System.String,System.String,System.String,System.AsyncCallback,System.Object)">
            <remarks/>
        </member>
        <member name="M:Spring2.Core.com.concordebiz.efsnet.EFSnet2.EndProcessAuthenticationResponse(System.IAsyncResult,System.String@,System.String@,System.String@,System.String@,System.String@,System.String@,System.String@,System.String@,System.String@,System.String@,System.String@,System.String@,System.String@,System.String@)">
            <remarks/>
        </member>
        <member name="M:Spring2.Core.com.concordebiz.efsnet.EFSnet2.CreditCardAuthorizeWithAuthentication(System.String,System.String,System.String,System.String,System.String,System.String,System.String,System.String,System.String,System.String,System.String,System.String,System.String,System.String,System.String,System.String,System.String,System.String,System.String,System.String,System.String,System.String,System.String,System.String,System.String,System.String,System.String,System.String,System.String,System.String,System.String,System.String,System.String,System.String@,System.String@,System.String@,System.String@,System.String@,System.String@,System.String@,System.String@,System.String@,System.String@,System.String@,System.String@,System.String@,System.String@)">
            <remarks/>
        </member>
        <member name="M:Spring2.Core.com.concordebiz.efsnet.EFSnet2.BeginCreditCardAuthorizeWithAuthentication(System.String,System.String,System.String,System.String,System.String,System.String,System.String,System.String,System.String,System.String,System.String,System.String,System.String,System.String,System.String,System.String,System.String,System.String,System.String,System.String,System.String,System.String,System.String,System.String,System.String,System.String,System.String,System.String,System.String,System.String,System.String,System.String,System.String,System.AsyncCallback,System.Object)">
            <remarks/>
        </member>
        <member name="M:Spring2.Core.com.concordebiz.efsnet.EFSnet2.EndCreditCardAuthorizeWithAuthentication(System.IAsyncResult,System.String@,System.String@,System.String@,System.String@,System.String@,System.String@,System.String@,System.String@,System.String@,System.String@,System.String@,System.String@,System.String@,System.String@)">
            <remarks/>
        </member>
        <member name="M:Spring2.Core.com.concordebiz.efsnet.EFSnet2.CreditCardVoiceAuthorize(System.String,System.String,System.String,System.String,System.String,System.String,System.String,System.String,System.String,System.String,System.String,System.String,System.String,System.String,System.String,System.String,System.String,System.String,System.String,System.String,System.String,System.String,System.String,System.String,System.String,System.String,System.String,System.String,System.String,System.String,System.String,System.String,System.String,System.String@,System.String@,System.String@,System.String@,System.String@)">
            <remarks/>
        </member>
        <member name="M:Spring2.Core.com.concordebiz.efsnet.EFSnet2.BeginCreditCardVoiceAuthorize(System.String,System.String,System.String,System.String,System.String,System.String,System.String,System.String,System.String,System.String,System.String,System.String,System.String,System.String,System.String,System.String,System.String,System.String,System.String,System.String,System.String,System.String,System.String,System.String,System.String,System.String,System.String,System.String,System.String,System.String,System.String,System.String,System.String,System.AsyncCallback,System.Object)">
            <remarks/>
        </member>
        <member name="M:Spring2.Core.com.concordebiz.efsnet.EFSnet2.EndCreditCardVoiceAuthorize(System.IAsyncResult,System.String@,System.String@,System.String@,System.String@,System.String@)">
            <remarks/>
        </member>
        <member name="M:Spring2.Core.com.concordebiz.efsnet.EFSnet2.CreditCardCredit(System.String,System.String,System.String,System.String,System.String,System.String,System.String,System.String,System.String,System.String,System.String,System.String,System.String,System.String,System.String,System.String,System.String,System.String,System.String,System.String,System.String,System.String,System.String,System.String@,System.String@,System.String@,System.String@,System.String@,System.String@)">
            <remarks/>
        </member>
        <member name="M:Spring2.Core.com.concordebiz.efsnet.EFSnet2.BeginCreditCardCredit(System.String,System.String,System.String,System.String,System.String,System.String,System.String,System.String,System.String,System.String,System.String,System.String,System.String,System.String,System.String,System.String,System.String,System.String,System.String,System.String,System.String,System.String,System.String,System.AsyncCallback,System.Object)">
            <remarks/>
        </member>
        <member name="M:Spring2.Core.com.concordebiz.efsnet.EFSnet2.EndCreditCardCredit(System.IAsyncResult,System.String@,System.String@,System.String@,System.String@,System.String@,System.String@)">
            <remarks/>
        </member>
        <member name="M:Spring2.Core.com.concordebiz.efsnet.EFSnet2.CreditCardRefund(System.String,System.String,System.String,System.String,System.String,System.String,System.String,System.String,System.String,System.String,System.String@,System.String@,System.String@,System.String@,System.String@,System.String@)">
            <remarks/>
        </member>
        <member name="M:Spring2.Core.com.concordebiz.efsnet.EFSnet2.BeginCreditCardRefund(System.String,System.String,System.String,System.String,System.String,System.String,System.String,System.String,System.String,System.String,System.AsyncCallback,System.Object)">
            <remarks/>
        </member>
        <member name="M:Spring2.Core.com.concordebiz.efsnet.EFSnet2.EndCreditCardRefund(System.IAsyncResult,System.String@,System.String@,System.String@,System.String@,System.String@,System.String@)">
            <remarks/>
        </member>
        <member name="M:Spring2.Core.com.concordebiz.efsnet.EFSnet2.CreditCardCapture(System.String,System.String,System.String,System.String,System.String,System.String,System.String,System.String,System.String,System.String,System.String,System.String,System.String,System.String,System.String,System.String,System.String,System.String,System.String,System.String,System.String,System.String,System.String,System.String,System.String,System.String,System.String,System.String,System.String,System.String,System.String,System.String,System.String@,System.String@,System.String@,System.String@,System.String@)">
            <remarks/>
        </member>
        <member name="M:Spring2.Core.com.concordebiz.efsnet.EFSnet2.BeginCreditCardCapture(System.String,System.String,System.String,System.String,System.String,System.String,System.String,System.String,System.String,System.String,System.String,System.String,System.String,System.String,System.String,System.String,System.String,System.String,System.String,System.String,System.String,System.String,System.String,System.String,System.String,System.String,System.String,System.String,System.String,System.String,System.String,System.String,System.AsyncCallback,System.Object)">
            <remarks/>
        </member>
        <member name="M:Spring2.Core.com.concordebiz.efsnet.EFSnet2.EndCreditCardCapture(System.IAsyncResult,System.String@,System.String@,System.String@,System.String@,System.String@)">
            <remarks/>
        </member>
        <member name="M:Spring2.Core.com.concordebiz.efsnet.EFSnet2.CreditCardSettle(System.String,System.String,System.String,System.String,System.String,System.String,System.String,System.String,System.String,System.String,System.String@,System.String@,System.String@,System.String@,System.String@,System.String@)">
            <remarks/>
        </member>
        <member name="M:Spring2.Core.com.concordebiz.efsnet.EFSnet2.BeginCreditCardSettle(System.String,System.String,System.String,System.String,System.String,System.String,System.String,System.String,System.String,System.String,System.AsyncCallback,System.Object)">
            <remarks/>
        </member>
        <member name="M:Spring2.Core.com.concordebiz.efsnet.EFSnet2.EndCreditCardSettle(System.IAsyncResult,System.String@,System.String@,System.String@,System.String@,System.String@,System.String@)">
            <remarks/>
        </member>
        <member name="M:Spring2.Core.com.concordebiz.efsnet.EFSnet2.CreditCardCharge(System.String,System.String,System.String,System.String,System.String,System.String,System.String,System.String,System.String,System.String,System.String,System.String,System.String,System.String,System.String,System.String,System.String,System.String,System.String,System.String,System.String,System.String,System.String,System.String,System.String,System.String,System.String,System.String,System.String,System.String,System.String,System.String,System.String@,System.String@,System.String@,System.String@,System.String@,System.String@,System.String@,System.String@,System.String@)">
            <remarks/>
        </member>
        <member name="M:Spring2.Core.com.concordebiz.efsnet.EFSnet2.BeginCreditCardCharge(System.String,System.String,System.String,System.String,System.String,System.String,System.String,System.String,System.String,System.String,System.String,System.String,System.String,System.String,System.String,System.String,System.String,System.String,System.String,System.String,System.String,System.String,System.String,System.String,System.String,System.String,System.String,System.String,System.String,System.String,System.String,System.String,System.AsyncCallback,System.Object)">
            <remarks/>
        </member>
        <member name="M:Spring2.Core.com.concordebiz.efsnet.EFSnet2.EndCreditCardCharge(System.IAsyncResult,System.String@,System.String@,System.String@,System.String@,System.String@,System.String@,System.String@,System.String@,System.String@)">
            <remarks/>
        </member>
        <member name="M:Spring2.Core.com.concordebiz.efsnet.EFSnet2.CreditCardAuthorize(System.String,System.String,System.String,System.String,System.String,System.String,System.String,System.String,System.String,System.String,System.String,System.String,System.String,System.String,System.String,System.String,System.String,System.String,System.String,System.String,System.String,System.String,System.String,System.String,System.String,System.String,System.String,System.String,System.String,System.String,System.String,System.String,System.String@,System.String@,System.String@,System.String@,System.String@,System.String@,System.String@,System.String@,System.String@)">
            <remarks/>
        </member>
        <member name="M:Spring2.Core.com.concordebiz.efsnet.EFSnet2.BeginCreditCardAuthorize(System.String,System.String,System.String,System.String,System.String,System.String,System.String,System.String,System.String,System.String,System.String,System.String,System.String,System.String,System.String,System.String,System.String,System.String,System.String,System.String,System.String,System.String,System.String,System.String,System.String,System.String,System.String,System.String,System.String,System.String,System.String,System.String,System.AsyncCallback,System.Object)">
            <remarks/>
        </member>
        <member name="M:Spring2.Core.com.concordebiz.efsnet.EFSnet2.EndCreditCardAuthorize(System.IAsyncResult,System.String@,System.String@,System.String@,System.String@,System.String@,System.String@,System.String@,System.String@,System.String@)">
            <remarks/>
        </member>
        <member name="M:Spring2.Core.com.concordebiz.efsnet.EFSnet2.RequestPassThrough(System.String,System.String,System.String,System.String,System.String@,System.String@)">
            <remarks/>
        </member>
        <member name="M:Spring2.Core.com.concordebiz.efsnet.EFSnet2.BeginRequestPassThrough(System.String,System.String,System.String,System.String,System.AsyncCallback,System.Object)">
            <remarks/>
        </member>
        <member name="M:Spring2.Core.com.concordebiz.efsnet.EFSnet2.EndRequestPassThrough(System.IAsyncResult,System.String@,System.String@)">
            <remarks/>
        </member>
        <member name="M:Spring2.Core.com.concordebiz.efsnet.EFSnet2.SystemCheck(System.String,System.String,System.String,System.String@,System.String@)">
            <remarks/>
        </member>
        <member name="M:Spring2.Core.com.concordebiz.efsnet.EFSnet2.BeginSystemCheck(System.String,System.String,System.String,System.AsyncCallback,System.Object)">
            <remarks/>
        </member>
        <member name="M:Spring2.Core.com.concordebiz.efsnet.EFSnet2.EndSystemCheck(System.IAsyncResult,System.String@,System.String@)">
            <remarks/>
        </member>
        <member name="T:Spring2.Core.Payment.Test.NullSplitPaymentProvider">
            <summary>
            Null object provider so that there can be something to lock in the payment manager
            </summary>
        </member>
        <member name="T:Spring2.Core.Payment.EFSNet.EFSNetProvider">
            <summary>
            Concord EFSnet payment provider.
            </summary>
        </member>
        <member name="T:Spring2.Core.Payment.BasePaymentProvider">
            <summary>
            Summary description for BasePaymentProvider.
            </summary>
        </member>
        <member name="M:Spring2.Core.Payment.BasePaymentProvider.GetCardType(System.String)">
            <summary>
            Will ensure that the card is a valid length for the card type. If the
            card type isn't recognised it will return true by default.
            
            The CreditCardValidator control also includes a CardTypes property that determines
            what card types should be accepted. If the card isn't recognised, and the Unknown card
            type is in the AcceptedCardTypes property then the DefaultLengthTest value will be
            returned.
            </summary>
        </member>
        <member name="M:Spring2.Core.Payment.BasePaymentProvider.IsValidCardType(System.String)">
            <summary>
            Will ensure that the card is a valid length for the card type. If the
            card type isn't recognised it will return true by default.
            
            The CreditCardValidator control also includes a CardTypes property that determines
            what card types should be accepted. If the card isn't recognised, and the Unknown card
            type is in the AcceptedCardTypes property then the DefaultLengthTest value will be
            returned.
            </summary>
        </member>
        <member name="M:Spring2.Core.Payment.BasePaymentProvider.ValidateCardNumber(System.String)">
            <summary>
            Performs a validation using Luhn's Formula.
            </summary>
        </member>
        <member name="T:Spring2.Core.Payment.CvvValidationException">
            <summary>
            Exception for Cvv validation failures
            </summary>
        </member>
        <member name="T:Spring2.Core.Payment.PayflowPro.VoidCommand">
            <summary>
            Summary description for VoidCommand.
            </summary>
        </member>
        <member name="T:Spring2.Core.Payment.Test.TestPaymentProvider">
            <summary>
            Summary description for TestPaymentProvider.
            </summary>
        </member>
        <member name="T:Spring2.Core.Payment.Test.NullPaymentProvider">
            <summary>
            Null object provider so that there can be something to lock in the payment manager
            </summary>
        </member>
        <member name="T:Spring2.Core.Payment.PaymentManager">
            <summary>
            Summary description for PaymentManager.
            </summary>
        </member>
        <member name="T:Spring2.Core.Payment.PayflowPro.CreditCommand">
            <summary>
            Summary description for CreditCommand.
            </summary>
        </member>
        <member name="T:Spring2.Core.Payment.Test.TestFailurePaymentProvider">
            <summary>
            Summary description for TestPaymentProvider.
            </summary>
        </member>
        <member name="T:Spring2.Core.Payment.PayflowPro.InquiryCommand">
            <summary>
            Summary description for VoidCommand.
            </summary>
        </member>
    </members>
</doc>
