<?xml version="1.0"?>
<doc>
    <assembly>
        <name>Spring2.Core.Maverick</name>
    </assembly>
    <members>
        <member name="T:Spring2.Core.Maverick.Controller.ErrorableController">
            <summary>
            Abstract base controller that will catch an unhandled exception
            </summary>
        </member>
        <member name="T:Spring2.Core.Maverick.Controller.AbstractController">
            <summary>
            Abstract base controller
            </summary>
        </member>
        <member name="M:Spring2.Core.Maverick.Controller.AbstractController.Perform">
            <summary>
            This is the method you should override to implement application logic.
            Default implementation just returns "success".
            </summary>
            <returns></returns>
        </member>
        <member name="M:Spring2.Core.Maverick.Controller.AbstractController.Populate(System.Object,System.String,System.String)">
            <summary>
            Sets the property specified by name to the value val on
            the object target.
            </summary>
            <param name="target">The instance to set the property on.</param>
            <param name="name">The name of the property to set.</param>
            <param name="val">The new value for the property.</param>
        </member>
        <member name="M:Spring2.Core.Maverick.Controller.AbstractController.SetValue(System.Object,System.Reflection.PropertyInfo,System.String)">
            <summary>
            Sets the value of property in the object target to the value val.
            </summary>
            <param name="target">The instance to set the property on.</param>
            <param name="property">The property to set.</param>
            <param name="val">The new value for the property.</param>
        </member>
        <member name="M:Spring2.Core.Maverick.Controller.AbstractController.ParseValue(System.String,System.Type)">
            <summary>
            Attempts to parse the given string as one of the standard
            value types: bool, decimal, sbyte, byte, short, ushort,
            int, uint, long, ulong, char, float, or double.
            Simply returns val on failure.
            </summary>
            <param name="val">The string containing the value to be parsed.</param>
            <param name="type">The target type of val after parsing.</param>
            <returns>
            A new object representing the string val parsed as the
            appropriate type or val if type is not one of the standard
            value types.
            </returns>
        </member>
        <member name="M:Spring2.Core.Maverick.Controller.AbstractController.ParseCustomValue(System.String,System.Type)">
            <summary>
            Extendeds types that ParseValue can parse
            </summary>
            <param name="val" type="string"></param>
            <param name="type" type="System.Type"></param>
            <returns>The parsed value, or null indicating that this type was not parsable by this method</returns>
        </member>
        <member name="M:Spring2.Core.Maverick.Controller.AbstractController.HandleParseException(System.Reflection.PropertyInfo,System.Object)">
            <summary>
            Handle parsing exceptions
            </summary>
        </member>
        <member name="M:Spring2.Core.Maverick.Controller.AbstractController.HandleMissingRequiredProperty(System.Reflection.PropertyInfo)">
            <summary>
            Handle parsing exceptions
            </summary>
        </member>
        <member name="M:Spring2.Core.Maverick.Controller.AbstractController.GetCookie(System.String)">
            <summary>
            Get a cookie for getting data. 
            </summary>
            <param name="cookieName"></param>
            <returns></returns>
        </member>
        <member name="M:Spring2.Core.Maverick.Controller.AbstractController.UpdateCookie(System.Web.HttpCookie)">
            <summary>
            Persists a cookie.  This can only be expected to work once for each cookie between post.
            </summary>
            <param name="cookie"></param>
        </member>
        <member name="M:Spring2.Core.Maverick.Controller.ErrorableController.HandleParseException(System.Reflection.PropertyInfo,System.Object)">
            <summary>
            Handle parsing exceptions
            </summary>
        </member>
        <member name="M:Spring2.Core.Maverick.Controller.ErrorableController.HandleMissingRequiredProperty(System.Reflection.PropertyInfo)">
            <summary>
            Handle parsing exceptions
            </summary>
        </member>
        <member name="M:Spring2.Core.Maverick.Controller.ErrorableController.PersistErrorsInHttp(Spring2.Core.Message.MessageList)">
            <summary>
            Persist Errors in the HttpContext
            </summary> 
        </member>
        <member name="P:Spring2.Core.Maverick.Controller.ErrorableController.Errors">
            <summary>
            collection of validation errors
            </summary>
        </member>
        <member name="T:Spring2.Core.Maverick.Controller.RequiredAttribute">
            <summary>
            Indicates that a property value is required to be mapped from the request
            </summary>
        </member>
        <member name="T:Spring2.Core.Maverick.DataForm.LocalizedForm">
            <summary>
            Summary description for LocalizedForm.
            </summary>
        </member>
        <member name="T:Spring2.Core.Maverick.DataForm.PopulatedForm">
            <summary>
            Base data form that populates itself from the request
            </summary>
        </member>
        <member name="M:Spring2.Core.Maverick.DataForm.PopulatedForm.Populate">
            <summary>
            Method to handle custom population
            </summary>
        </member>
        <member name="M:Spring2.Core.Maverick.DataForm.PopulatedForm.GetCookie(System.String)">
            <summary>
            Get a cookie for getting data. 
            </summary>
            <param name="cookieName"></param>
            <returns></returns>
        </member>
        <member name="M:Spring2.Core.Maverick.DataForm.PopulatedForm.UpdateCookie(System.Web.HttpCookie)">
            <summary>
            Persists a cookie.  This can only be expected to work once for each cookie between post.
            </summary>
            <param name="cookie"></param>
        </member>
        <member name="T:Spring2.Core.Maverick.Controller.LocalizedController">
            <summary>
            Summary description for LocalizedController.
            </summary>
        </member>
    </members>
</doc>
