<?xml version="1.0"?>
<doc>
    <assembly>
        <name>Spring2.Core.Geocode</name>
    </assembly>
    <members>
        <member name="T:Spring2.Core.Geocode.IGeocodeProvider">
            <summary>
            Summary description for IGeocodeProvider.
            </summary>
        </member>
        <member name="T:Spring2.Core.Geocode.GeocodeStatusEnumList">
            <summary>
            GeocodeStatusEnum generic collection
            </summary>
        </member>
        <member name="T:Spring2.Core.Geocode.TeleAtlasProvider">
            <summary>
            Summary description for TeleAtlasProvider.
            </summary>
        </member>
        <member name="M:Spring2.Core.Geocode.AddressCacheDAO.Where(System.String)">
            <summary>
            Creates a where clause object by mapping the given where clause text.  The text may reference
            entity properties which will be mapped to sql code by enclosing the property names in braces.
            </summary>
            <param name="whereText">Text to be mapped</param>
            <returns>WhereClause object.</returns>
            <exception cref="T:System.ApplicationException">When property name found in braces is not found in the entity.</exception>
        </member>
        <member name="M:Spring2.Core.Geocode.AddressCacheDAO.Where(System.String,System.String)">
            <summary>
            Creates a where clause object that can be used to create sql to find objects whose entity property value
            matches the value passed.  Note that the propertyName passed is an entity property name and will be mapped 
            to the appropriate sql.
            </summary>
            <param name="propertyName">Entity property to be matched.</param>
            <param name="value">Value to match the property with</param>
            <returns>A WhereClause object.</returns>
            <exception cref="T:System.ApplicationException">When the property name passed is not found in the entity.</exception>
        </member>
        <member name="M:Spring2.Core.Geocode.AddressCacheDAO.Where(System.String,System.Int32)">
            <summary>
            Creates a where clause object that can be used to create sql to find objects whose entity property value
            matches the value passed.  Note that the propertyName passed is an entity property name and will be mapped 
            to the appropriate sql.
            </summary>
            <param name="propertyName">Entity property to be matched.</param>
            <param name="value">Value to match the property with</param>
            <returns>A WhereClause object.</returns>
            <exception cref="T:System.ApplicationException">When the property name passed is not found in the entity.</exception>
        </member>
        <member name="M:Spring2.Core.Geocode.AddressCacheDAO.Where(System.String,System.DateTime)">
            <summary>
            Creates a where clause object that can be used to create sql to find objects whose entity property value
            matches the value passed.  Note that the propertyName passed is an entity property name and will be mapped 
            to the appropriate sql.
            </summary>
            <param name="propertyName">Entity property to be matched.</param>
            <param name="value">Value to match the property with</param>
            <returns>A WhereClause object.</returns>
            <exception cref="T:System.ApplicationException">When the property name passed is not found in the entity.</exception>
        </member>
        <member name="M:Spring2.Core.Geocode.AddressCacheDAO.GetList">
            <summary>
            Returns a list of all AddressCache rows.
            </summary>
            <returns>List of AddressCache objects.</returns>
            <exception cref="T:Spring2.Core.DAO.FinderException">Thrown when no rows are found.</exception>
        </member>
        <member name="M:Spring2.Core.Geocode.AddressCacheDAO.GetList(Spring2.Core.DAO.IWhere)">
            <summary>
            Returns a filtered list of AddressCache rows.
            </summary>
            <param name="whereClause">Filtering criteria.</param>
            <returns>List of AddressCache objects.</returns>
            <exception cref="T:Spring2.Core.DAO.FinderException">Thrown when no rows are found matching the where criteria.</exception>
        </member>
        <member name="M:Spring2.Core.Geocode.AddressCacheDAO.GetList(Spring2.Core.DAO.IOrderBy)">
            <summary>
            Returns an ordered list of AddressCache rows.  All rows in the database are returned
            </summary>
            <param name="orderByClause">Ordering criteria.</param>
            <returns>List of AddressCache objects.</returns>
            <exception cref="T:Spring2.Core.DAO.FinderException">Thrown when no rows are found.</exception>
        </member>
        <member name="M:Spring2.Core.Geocode.AddressCacheDAO.GetList(Spring2.Core.DAO.IWhere,Spring2.Core.DAO.IOrderBy)">
            <summary>
            Returns an ordered and filtered list of AddressCache rows.
            </summary>
            <param name="whereClause">Filtering criteria.</param>
            <param name="orderByClause">Ordering criteria.</param>
            <returns>List of AddressCache objects.</returns>
            <exception cref="T:Spring2.Core.DAO.FinderException">Thrown when no rows are found matching the where criteria.</exception>
        </member>
        <member name="M:Spring2.Core.Geocode.AddressCacheDAO.GetList(System.Int32)">
            <summary>
            Returns a list of all AddressCache rows.
            </summary>
            <returns>List of AddressCache objects.</returns>
            <exception cref="T:Spring2.Core.DAO.FinderException">Thrown when no rows are found.</exception>
        </member>
        <member name="M:Spring2.Core.Geocode.AddressCacheDAO.GetList(Spring2.Core.DAO.IWhere,System.Int32)">
            <summary>
            Returns a filtered list of AddressCache rows.
            </summary>
            <param name="whereClause">Filtering criteria.</param>
            <param name="maxRows"></param>
            <returns>List of AddressCache objects.</returns>
            <exception cref="T:Spring2.Core.DAO.FinderException">Thrown when no rows are found matching the where criteria.</exception>
        </member>
        <member name="M:Spring2.Core.Geocode.AddressCacheDAO.GetList(Spring2.Core.DAO.IOrderBy,System.Int32)">
            <summary>
            Returns an ordered list of AddressCache rows.  All rows in the database are returned
            </summary>
            <param name="orderByClause">Ordering criteria.</param>
            <param name="maxRows"></param>
            <returns>List of AddressCache objects.</returns>
            <exception cref="T:Spring2.Core.DAO.FinderException">Thrown when no rows are found.</exception>
        </member>
        <member name="M:Spring2.Core.Geocode.AddressCacheDAO.GetList(Spring2.Core.DAO.IWhere,Spring2.Core.DAO.IOrderBy,System.Int32)">
            <summary>
            Returns an ordered and filtered list of AddressCache rows.
            </summary>
            <param name="whereClause">Filtering criteria.</param>
            <param name="orderByClause">Ordering criteria.</param>
            <param name="maxRows"></param>
            <returns>List of AddressCache objects.</returns>
            <exception cref="T:Spring2.Core.DAO.FinderException">Thrown when no rows are found matching the where criteria.</exception>
        </member>
        <member name="M:Spring2.Core.Geocode.AddressCacheDAO.Load(Spring2.Core.Types.IdType)">
            <summary>
            Finds a AddressCache entity using it's primary key.
            </summary>
            <param name="addressId">A key field.</param>
            <returns>A AddressCache object.</returns>
            <exception cref="T:Spring2.Core.DAO.FinderException">Thrown when no entity exists witht he specified primary key..</exception>
        </member>
        <member name="M:Spring2.Core.Geocode.AddressCacheDAO.Reload(Spring2.Core.Geocode.AddressCache)">
            <summary>
            Repopulates an existing business entity instance
            </summary>
        </member>
        <member name="M:Spring2.Core.Geocode.AddressCacheDAO.GetDataObjectFromReader(Spring2.Core.Geocode.AddressCache,System.Data.IDataReader)">
            <summary>
            Builds a data object from the current row in a data reader..
            </summary>
            <param name="data"></param>
            <param name="dataReader">Container for database row.</param>
            <returns>Data object built from current row.</returns>
        </member>
        <member name="M:Spring2.Core.Geocode.AddressCacheDAO.GetDataObjectFromReader(System.Data.IDataReader)">
            <summary>
            Builds a data object from the current row in a data reader..
            </summary>
            <param name="dataReader">Container for database row.</param>
            <returns>Data object built from current row.</returns>
        </member>
        <member name="M:Spring2.Core.Geocode.AddressCacheDAO.GetDataObjectFromReader(System.Data.IDataReader,System.String)">
            <summary>
            Builds a data object from the current row in a data reader..
            </summary>
            <param name="dataReader">Container for database row.</param>
            <param name="prefix"></param>
            <returns>Data object built from current row.</returns>
        </member>
        <member name="M:Spring2.Core.Geocode.AddressCacheDAO.GetDataObjectFromReader(Spring2.Core.Geocode.AddressCache,System.Data.IDataReader,System.String)">
            <summary>
            Builds a data object from the current row in a data reader..
            </summary>
            <param name="data"></param>
            <param name="dataReader">Container for database row.</param>
            <param name="prefix"></param>
            <returns>Data object built from current row.</returns>
        </member>
        <member name="M:Spring2.Core.Geocode.AddressCacheDAO.Insert(Spring2.Core.Geocode.AddressCache)">
            <summary>
            Inserts a record into the AddressCache table.
            </summary>
            <param name="data"></param>
        </member>
        <member name="M:Spring2.Core.Geocode.AddressCacheDAO.Insert(Spring2.Core.Geocode.AddressCache,System.Data.IDbTransaction)">
            <summary>
            Inserts a record into the AddressCache table.
            </summary>
            <param name="data"></param>
            <param name="transaction"></param>
        </member>
        <member name="M:Spring2.Core.Geocode.AddressCacheDAO.Update(Spring2.Core.Geocode.AddressCache)">
            <summary>
            Updates a record in the AddressCache table.
            </summary>
            <param name="data"></param>
        </member>
        <member name="M:Spring2.Core.Geocode.AddressCacheDAO.Update(Spring2.Core.Geocode.AddressCache,System.Data.IDbTransaction)">
            <summary>
            Updates a record in the AddressCache table.
            </summary>
            <param name="data"></param>
            <param name="transaction"></param>
        </member>
        <member name="M:Spring2.Core.Geocode.AddressCacheDAO.Delete(Spring2.Core.Types.IdType)">
            <summary>
            Deletes a record from the AddressCache table by AddressId.
            </summary>
            <param name="addressId"></param>
        </member>
        <member name="M:Spring2.Core.Geocode.AddressCacheDAO.Delete(Spring2.Core.Types.IdType,System.Data.IDbTransaction)">
            <summary>
            Deletes a record from the AddressCache table by AddressId.
            </summary>
            <param name="addressId"></param>
            <param name="transaction"></param>
        </member>
        <member name="M:Spring2.Core.Geocode.AddressCacheDAO.FindAddressByStreetAndPostalCode(Spring2.Core.Types.StringType,Spring2.Core.Types.StringType)">
            <summary>
            Returns a list of objects which match the values for the fields specified.
            </summary>
            <param name="address1">A field value to be matched.</param>
            <param name="postalCode">A field value to be matched.</param>
            <returns>The list of AddressCacheDAO objects found.</returns>
        </member>
        <member name="M:Spring2.Core.Geocode.AddressCacheDAO.FindAddressByStreetAndCityAndState(Spring2.Core.Types.StringType,Spring2.Core.Types.StringType,Spring2.Core.Types.StringType)">
            <summary>
            Returns a list of objects which match the values for the fields specified.
            </summary>
            <param name="address1">A field value to be matched.</param>
            <param name="city">A field value to be matched.</param>
            <param name="state"></param>
            <returns>The list of AddressCacheDAO objects found.</returns>
        </member>
        <member name="T:Spring2.Core.Geocode.GeocodeData">
            <summary>
            Summary description for GecodeData.
            </summary>
        </member>
        <member name="T:Spring2.Core.Geocode.GeocodeWrapper">
            <summary>
            Summary description for GecodeWrapper.
            </summary>
        </member>
        <member name="M:Spring2.Core.Geocode.GeocodeWrapper.ExecuteCommand">
            <summary>
            </summary>
        </member>
        <member name="M:Spring2.Core.Geocode.GeocodeWrapper.StandardOutputReader">
            <summary>
            Reader thread for standard output
            
            <p/>Updates the private variable _outputString (locks it first)
            </summary>
        </member>
        <member name="M:Spring2.Core.Geocode.GeocodeWrapper.StandardErrorReader">
            <summary>
            Reader thread for standard error
            
            <p/>Updates the private variable _errorString (locks it first)
            </summary>
        </member>
        <member name="P:Spring2.Core.Geocode.GeocodeWrapper.exeDirectory">
            <summary>
            name of the home directory (where keyrings AND gpg.exe are located)
            </summary>
        </member>
        <member name="T:Spring2.Core.Geocode.TeleAtlasGeocodeData">
            <summary>
            Summary description for GeocodeData.
            </summary>
        </member>
        <member name="T:Spring2.Core.Geocode.AddressCacheList">
            <summary>
            IAddressCache generic collection
            </summary>
        </member>
        <member name="M:Spring2.Core.Geocode.AddressCacheList.Contains(Spring2.Core.Types.IdType)">
            <summary>
            See if the list contains an instance by identity
            </summary>
        </member>
        <member name="M:Spring2.Core.Geocode.AddressCacheList.RetainAll(Spring2.Core.Geocode.AddressCacheList)">
            <summary>
            Returns a new list that contains all of the elements that are in both lists
            </summary>
        </member>
        <member name="M:Spring2.Core.Geocode.AddressCacheList.RemoveAll(Spring2.Core.Geocode.AddressCacheList)">
            <summary>
            return a new list that contains only the elements not contained in the argument list
            </summary>
        </member>
        <member name="M:Spring2.Core.Geocode.AddressCacheList.Sort(System.Collections.IComparer)">
            <summary>
            Sort a list by a column
            </summary>
        </member>
        <member name="M:Spring2.Core.Geocode.AddressCacheList.Sort(System.String)">
            <summary>
            Sort the list given the name of a comparer class.
            </summary>
        </member>
        <member name="P:Spring2.Core.Geocode.AddressCacheList.Item(Spring2.Core.Types.IdType)">
            <summary>
            returns the instance by identity or null if it not found
            </summary>
        </member>
        <member name="T:Spring2.Core.Geocode.GeocodeException">
            <summary>
            Summary description for GeocodeException.
            </summary>
        </member>
        <member name="T:Spring2.Core.Geocode.GecodeTestProvider">
            <summary>
            Summary description for GecodeTestProvider.
            </summary>
        </member>
        <member name="T:Spring2.Core.Geocode.GeocodeProvider">
            <summary>
            Summary description for GeocodeProvider.
            </summary>
        </member>
    </members>
</doc>
