<!-- Entity definitions -->
<entities>
    <entity name="MailMessage" sqlentity="MailMessage">
	<properties>
	    <property name="MailMessageId" column="*" type="IdType" />
	    <property name="ScheduleTime" column="*" type="DateTimeType" />
	    <property name="ProcessedTime" column="*" type="DateTimeType" />
	    <property name="Priority" column="*" type="MailPriorityEnum" />
	    <property name="From" column="*" type="StringType" />
	    <property name="To" column="*" type="StringType" />
	    <property name="Cc" column="*" type="StringType" />
	    <property name="Bcc" column="*" type="StringType" />
	    <property name="Subject" column="*" type="StringType" />
	    <property name="BodyFormat" column="*" type="MailBodyFormatEnum" />
	    <property name="Body" column="*" type="StringType" />
	    <property name="MailMessageStatus" column="*" type="MailMessageStatusEnum" />
	    <property name="ReleasedByUserId" column="*" type="IdType" />
	    <property name="Attachments" type="MailAttachmentList" />
	    <property name="MailMessageType" column="*" type="StringType" />
	    <property name="NumberOfAttempts" column="*" type="IntegerType" />
	    <property name="MessageQueueDate" column="*" type="DateTimeType" />
	    <property name="ReferenceKey" column="*" type="StringType" />
	    <property name="UniqueKey" column="*" type="StringType" />
	    <property name="Checksum" column="*" type="StringType" />
	    <property name="OpenCount" column="*" type="IntegerType" />
	    <property name="Bounces" column="*" type="IntegerType" />
	    <property name="LastOpenDate" column="*" type="DateTimeType" />
	    <property name="SmtpServer" column="*" type="StringType" />
	</properties>
	<finders>
	    <finder name="FindByStatus" unique="False">
 		<properties>
 		    <property name="MailMessageStatus" />
 		</properties>
	    </finder>
	    <finder name="FindByUniqueKey" unique="True">
 		<properties>
 		    <property name="UniqueKey" />
 		</properties>
	    </finder>
	</finders>
    </entity>
    <entity name="MailMessageRoute" sqlentity="MailMessageRoute">
	<properties>
	    <property name="MailMessageRouteId" type="IdType" column="*" />
	    <property name="MailMessage" type="StringType" column="*" />
	    <property name="RoutingType" type="RoutingTypeEnum" column="*" />
	    <property name="Status" type="ActiveStatusEnum" column="*" />
	    <property name="EmailAddress" type="StringType" column="*" />
	</properties>
	<finders>
	    <finder name="FindByMailMessage" unique="False" expression=" MailMessage = {0}">
		<properties>
 		    <property name="MailMessage" />
		</properties>
	    </finder>
	</finders>
    </entity>
    <entity name="MailAttachment" sqlentity="MailAttachment">
	<properties>
	    <property name="MailAttachmentId" column="*" type="IdType"></property>
	    <property name="MailMessageId" column="*" type="IdType"></property>
	    <property name="Filename" column="*" type="StringType"></property>
	    <property name="Buffer" column="Text" type="Byte[]"></property>
	</properties>
	<finders>
	    <finder name="FindByMailMessageId" unique="False">
 		<properties>
 		    <property name="MailMessageId" />
 		</properties>
	    </finder>
	</finders>
    </entity>
</entities>