<?xml version="1.0"?>
<doc>
    <assembly>
        <name>Spring2.Core.ResourceManager.AcceptanceTest</name>
    </assembly>
    <members>
        <member name="T:Spring2.Core.ResourceManager.Test.ResourceEditorTest">
            <summary>
            Summary description for ResourceEditorTest.
            </summary>
        </member>
        <member name="T:Spring2.Core.ResourceManager.Test.ResourceLocalizerTest">
            <summary>
            Summary description for ResourceEditorTest.
            </summary>
        </member>
    </members>
</doc>
