<?xml version="1.0"?>
<doc>
    <assembly>
        <name>Spring2.Core</name>
    </assembly>
    <members>
        <member name="T:Spring2.Core.DAO.DaoException">
            <summary>
            Base exception for DAO exceptions
            </summary>
        </member>
        <member name="M:Spring2.Core.DAO.EntityDAO.GetPropertyMapping(System.Collections.Hashtable,System.String)">
            <summary>
            Returns the sql string for a given entity property name.
            </summary>
            <param name="propertyToSqlMap">Mapping of property names to sql expressions.</param>
            <param name="propertyName">Name of property name to map</param>
            <returns>Sql string used to retrieve the property value.</returns>
            <exception cref="T:System.ApplicationException">When property passed is not found.</exception>
        </member>
        <member name="M:Spring2.Core.DAO.EntityDAO.ProcessExpression(System.Collections.Hashtable,System.String)">
            <summary>
            Maps a string with embedded property names to a string using the sql expressions that correspond to the
            property names.  The embedded property names are entity property names and must be enclosed in braces ({}).
            </summary>
            <param name="propertyToSqlMap">Mapping of property names to sql expressions.</param>
            <param name="expression">expression containing property names to map</param>
            <returns>String with property names replaced with sql expressions.</returns>
        </member>
        <member name="T:Spring2.Core.DAO.FinderException">
            <summary>
            Exception created when a finder returns no rows.
            </summary>
        </member>
        <member name="T:Spring2.Core.DAO.WhereClause">
            <summary>
            Utility class to construct WHERE clause sql fragments
            </summary>
        </member>
        <member name="M:Spring2.Core.DAO.WhereClause.#ctor">
            <summary>
            New empty clause
            </summary>
        </member>
        <member name="M:Spring2.Core.DAO.WhereClause.#ctor(System.String,System.Int32)">
            <summary>
            New clause that will check that column equals value
            </summary>
            <remarks>
            field = value
            </remarks>
        </member>
        <member name="M:Spring2.Core.DAO.WhereClause.#ctor(System.String,System.String)">
            <summary>
            New clause that will check that column equals value
            </summary>
            <remarks>
            field = value
            </remarks>
        </member>
        <member name="M:Spring2.Core.DAO.WhereClause.#ctor(System.String,System.DateTime)">
            <summary>
            New clause that will check that column equals value
            </summary>
            <remarks>
            field = value
            </remarks>
        </member>
        <member name="M:Spring2.Core.DAO.WhereClause.#ctor(System.String)">
            <summary>
            New clause using raw sql
            </summary>
        </member>
        <member name="M:Spring2.Core.DAO.WhereClause.#ctor(Spring2.Core.DAO.WhereClause)">
            <summary>
            New clause using WhereClause (for wrapping with enclosing parens)
            </summary>
            <remarks>
            ( clause )
            </remarks>
        </member>
        <member name="M:Spring2.Core.DAO.WhereClause.AndBetween(System.String,System.Int32,System.Int32)">
            <summary>
            And new clause that will check that column is between value1 and value2
            </summary>
            <remarks>
            AND field between value1 AND value2
            </remarks>
        </member>
        <member name="M:Spring2.Core.DAO.WhereClause.AndBetween(System.String,System.String,System.String)">
            <summary>
            And new clause that will check that column is between value1 and value2
            </summary>
            <remarks>
            AND field between value1 AND value2
            </remarks>
        </member>
        <member name="M:Spring2.Core.DAO.WhereClause.AndBetween(System.String,System.DateTime,System.DateTime)">
            <summary>
            And new clause that will check that column is between value1 and value2
            </summary>
            <remarks>
            AND field between value1 AND value2
            </remarks>
        </member>
        <member name="M:Spring2.Core.DAO.WhereClause.OrBetween(System.String,System.Int32,System.Int32)">
            <summary>
            Or new clause that will check that column is between value1 and value2
            </summary>
            <remarks>
            OR field between value1 AND value2
            </remarks>
        </member>
        <member name="M:Spring2.Core.DAO.WhereClause.OrBetween(System.String,System.String,System.String)">
            <summary>
            Or new clause that will check that column is between value1 and value2
            </summary>
            <remarks>
            OR field between value1 AND value2
            </remarks>
        </member>
        <member name="M:Spring2.Core.DAO.WhereClause.OrBetween(System.String,System.DateTime,System.DateTime)">
            <summary>
            Or new clause that will check that column is between value1 and value2
            </summary>
            <remarks>
            OR field between value1 AND value2
            </remarks>
        </member>
        <member name="M:Spring2.Core.DAO.WhereClause.AndNotBetween(System.String,System.Int32,System.Int32)">
            <summary>
            And new clause that will check that column is between value1 and value2
            </summary>
            <remarks>
            AND field between value1 AND value2
            </remarks>
        </member>
        <member name="M:Spring2.Core.DAO.WhereClause.AndNotBetween(System.String,System.String,System.String)">
            <summary>
            And new clause that will check that column is between value1 and value2
            </summary>
            <remarks>
            AND field between value1 AND value2
            </remarks>
        </member>
        <member name="M:Spring2.Core.DAO.WhereClause.AndNotBetween(System.String,System.DateTime,System.DateTime)">
            <summary>
            And new clause that will check that column is between value1 and value2
            </summary>
            <remarks>
            AND field between value1 AND value2
            </remarks>
        </member>
        <member name="M:Spring2.Core.DAO.WhereClause.OrNotBetween(System.String,System.Int32,System.Int32)">
            <summary>
            Or new clause that will check that column is between value1 and value2
            </summary>
            <remarks>
            OR field between value1 AND value2
            </remarks>
        </member>
        <member name="M:Spring2.Core.DAO.WhereClause.OrNotBetween(System.String,System.String,System.String)">
            <summary>
            Or new clause that will check that column is between value1 and value2
            </summary>
            <remarks>
            OR field between value1 AND value2
            </remarks>
        </member>
        <member name="M:Spring2.Core.DAO.WhereClause.OrNotBetween(System.String,System.DateTime,System.DateTime)">
            <summary>
            Or new clause that will check that column is between value1 and value2
            </summary>
            <remarks>
            OR field between value1 AND value2
            </remarks>
        </member>
        <member name="M:Spring2.Core.DAO.WhereClause.FormatSql">
            <summary>
            Format the clause for inclusion in sql statement    
            </summary>
            <remarks>
            WHERE &lt;sql&gt;
            </remarks>
        </member>
        <member name="P:Spring2.Core.DAO.WhereClause.IsEmpty">
            <summary>
            Returns true if nothing has been added to the clause; otherwise false.
            </summary>
        </member>
        <member name="T:Spring2.Core.DataObject.DataObject">
            <summary>
            Abstract base class for data objects.
            </summary>
        </member>
        <member name="M:Spring2.Core.DataObject.DataObject.ToString">
            <summary>
            Creates a string representation of the DataObject.
            </summary>
            <returns>String representing the data object.</returns>
        </member>
        <member name="M:Spring2.Core.DataObject.DataObject.ToString(System.Int32)">
            <summary>
            Creates a string representation of the DataObject indented to indentLevel (for nested objects)
            </summary>
            <returns>String representing the data object.</returns>
        </member>
        <member name="M:Spring2.Core.DataObject.DataObject.Equals(System.Object)">
            <summary>
            Does a deep compare of the current object with the passed object.
            </summary>
            <param name="obj">Object to compare current object with.</param>
            <returns>True if objects are equal, false otherwise.</returns>
        </member>
        <member name="M:Spring2.Core.DataObject.DataObject.Compare(Spring2.Core.DataObject.DataObject)">
            <summary>
            Does a deep compare of the current object with the passed object.
            </summary>
            <param name="obj">Object to compare current object with.</param>
            <returns>List of differences between the objects.</returns>
        </member>
        <member name="M:Spring2.Core.DataObject.DataObject.Compare(Spring2.Core.DataObject.DataObject,Spring2.Core.DataObject.DataObjectCompareOptionEnum)">
            <summary>
            Does a deep compare of the current object with the passed object.
            </summary>
            <param name="obj">Object to compare current object with.</param>
            <param name="option">Allows customization of how DEFAULT values are compared.</param>
            <returns>List of differences between the objects.</returns>
        </member>
        <member name="M:Spring2.Core.DataObject.DataObject.Compare(Spring2.Core.DataObject.DataObject,System.String,Spring2.Core.DataObject.DataObjectCompareOptionEnum)">
            <summary>
            Does a deep compare of the current object with the passed object.
            </summary>
            <param name="obj">Object to compare current object with.</param>
            <param name="prefix">Prefix to use when identifying properties.</param>
            <param name="option">Allows customization of how DEFAULT values are compared.</param>
            <returns>List of differences between the objects.</returns>
        </member>
        <member name="M:Spring2.Core.DataObject.DataObject.GetHashCode">
            <summary>
            Returns a hash code.
            </summary>
            <returns>Hash code value</returns>
        </member>
        <member name="M:Spring2.Core.DataObject.DataObject.Update(Spring2.Core.DataObject.DataObject)">
            <summary>
            Updates the current DataObject instance with values from the
            passed DataObject instance.  Contained DataObjects are also updated.
            Instance values set to Default are not copied.  Collections in the 
            DataObject are ignored.
            </summary>
            <param name="that">Object to copy from.</param>
        </member>
        <member name="M:Spring2.Core.DataObject.DataObject.CompareDataTypes(Spring2.Core.Types.DataType,Spring2.Core.Types.DataType,Spring2.Core.DataObject.DataObjectCompareOptionEnum)">
            <summary>
            Compares two data types based on the enum passed.
            </summary>
            <param name="v1">First Value</param>
            <param name="v2">Second Value</param>
            <param name="option">option value to use</param>
        </member>
        <member name="T:Spring2.Core.DataObject.DataObjectCompareDetail">
            <summary>
            Information about a comparison failure for a single property.  Used
            to return comparison info from the DataObject Compare method.
            </summary>
        </member>
        <member name="M:Spring2.Core.DataObject.DataObjectCompareDetail.#ctor(System.String,Spring2.Core.Types.DataType,Spring2.Core.Types.DataType)">
            <summary>
            Creates the compare detail object.
            </summary>
            <param name="propertyName">Fully qualified name of property with difference - such as EventPageData.Events[2].EventId</param>
            <param name="value1">Value of first object.  This is the object the Compare method was called on.</param>
            <param name="vallue2">Value of second object.  This is the object passed as a paramter to the Compare method.</param>
        </member>
        <member name="M:Spring2.Core.DataObject.DataObjectCompareDetail.ToString">
            <summary>
            Gives string representation of the object contents.
            </summary>
            <returns>A representation of the object contents.</returns>
        </member>
        <member name="P:Spring2.Core.DataObject.DataObjectCompareDetail.PropertyName">
            <summary>
            Fully qualified name of the property with the difference - i.e. EventPage.Events[2].EventId
            </summary>
        </member>
        <member name="P:Spring2.Core.DataObject.DataObjectCompareDetail.Value1">
            <summary>
            Value of the property in the first object.  This is the object the Compare method was called on.
            </summary>
        </member>
        <member name="P:Spring2.Core.DataObject.DataObjectCompareDetail.Value2">
            <summary>
            Value of the property in the second object.  This is the object passed as a parameter to the Compare method.
            </summary>
        </member>
        <member name="T:Spring2.Core.DataObject.DataObjectCompareList">
            <summary>
            A colleciton of DataObjectCompareDetail objects.
            </summary>
        </member>
        <member name="F:Spring2.Core.DataObject.DataObjectCompareList.immutable">
            <summary>
            Indicates if this collection is modifiable.  The UNSET instance is not
            modifiable
            </summary>
        </member>
        <member name="M:Spring2.Core.DataObject.DataObjectCompareList.#ctor(System.Boolean)">
            <summary>
            Constructor used to create an immutable instance.
            </summary>
            <param name="immutable"></param>
        </member>
        <member name="M:Spring2.Core.DataObject.DataObjectCompareList.#ctor">
            <summary>
            Constructor to create a modifiable instance.
            </summary>
        </member>
        <member name="M:Spring2.Core.DataObject.DataObjectCompareList.Add(Spring2.Core.DataObject.DataObjectCompareDetail)">
            <summary>
            Adds a DataObjectCompareDetail instance to the list.
            </summary>
            <param name="a"></param>
        </member>
        <member name="M:Spring2.Core.DataObject.DataObjectCompareList.Remove(System.Int32)">
            <summary>
            Removes an instance from the list.
            </summary>
            <param name="index">Index of the instance to remove.</param>
        </member>
        <member name="M:Spring2.Core.DataObject.DataObjectCompareList.Append(Spring2.Core.DataObject.DataObjectCompareList)">
            <summary>
            Appends list passed as parameter to the current list.
            </summary>
            <param name="list">List to append</param>
        </member>
        <member name="M:Spring2.Core.DataObject.DataObjectCompareList.ToString">
            <summary>
            Gives string representation of the object contents.
            </summary>
            <returns>A representation of the object contents.</returns>
        </member>
        <member name="P:Spring2.Core.DataObject.DataObjectCompareList.Item(System.Int32)">
            <summary>
            Allows referencing of a object in the list via an index.
            </summary>
        </member>
        <member name="T:Spring2.Core.DataObject.DataObjectCompareOptionEnum">
            <summary>
            List of compare options available for the DataObject.Compare method
            </summary>
        </member>
        <member name="T:Spring2.Core.Types.DataType">
            <summary>
            Summary description for DataType.
            </summary>
        </member>
        <member name="T:Spring2.Core.Drawing.Graphing.ChartLine">
            <summary>
            This class represents each line that is drawn on a LineChart.  The internal points can be passed in, created from a constant
            y value, or created from a ResultSet.  The legend text passed in will be used when the legend is created.  The color is assigned
            when it is added to a LineChart.
            
            Web page example:
                &lt;%@ Page Language="C#" %&gt;
                &lt;%@ Import Namespace="System" %&gt;
                &lt;%@ Import Namespace="System.Drawing" %&gt;
                &lt;%@ Import Namespace="Spring2.Core.Drawing.Graphing" %&gt;
            
                &lt;script language="C#" runat="server"&gt;
                void Page_Load(Object sender, EventArgs e) {
                LineChart c = new LineChart(640, 480);
                c.Title="Scorecard LineChart Test";
            	
                c.Title="";
                c.XAxisLabel="";
                c.YAxisLabel="";
            	
                c.XOrigin=0; 
                c.ScaleX=500; 
                c.XDivs=5;
            	
                c.YOrigin=0; 
                c.ScaleY=1000; 
                c.YDivs=5;
            	
                ChartLine line = new ChartLine();
                line.LegendText = "line 1";
                line.AddPoint(50,50);
                line.AddPoint(100,100);
                line.AddPoint(200,150);
                line.AddPoint(450,450);
                line.Color = Color.Blue;
            	
                ChartLine line2 = new ChartLine();
                line2.LegendText = "line 2";
                line2.AddPoint(50,150);
                line2.AddPoint(100,200);
                line2.AddPoint(200,250);
                line2.AddPoint(450,550);
                line2.Color = Color.Red;
            
                ChartLine line3 = new ChartLine();
                line3.LegendText = "this is a really long legend";
                line3.AddPoint(450,250);
                line3.AddPoint(200,300);
                line3.AddPoint(100,350);
                line3.AddPoint(50,650);
                line3.Color = Color.Purple;
            	
                c.AddLine(line);
                c.AddLine(line2);
                c.AddLine(line3);
                c.Save(Page);
            }
                &lt;/script&gt;
            </summary>
        </member>
        <member name="T:Spring2.Core.Drawing.Graphing.DateLabelFormat">
            <summary>
            Summary description for DateLabelFormat.
            </summary>
        </member>
        <member name="T:Spring2.Core.Drawing.Graphing.LabelFormat">
            <summary>
            Summary description for LabelFormat.
            </summary>
        </member>
        <member name="T:Spring2.Core.Drawing.Graphing.LabelFormat.LabelPoint">
            <summary>
            internal structure to keep track of the individual data points
            </summary>
        </member>
        <member name="M:Spring2.Core.Drawing.Graphing.DateLabelFormat.#ctor(System.DateTime)">
            <summary>
            Create an instance setting which date represents 0
            </summary>
            <param name="zeroDate"></param>
        </member>
        <member name="T:Spring2.Core.Drawing.Graphing.LineChart">
            <summary>
            Creates a jpeg image with line charted information
            </summary>
        </member>
        <member name="M:Spring2.Core.Drawing.Graphing.LineChart.#ctor(System.Int32,System.Int32)">
            <summary>
            Creates a LineChart of x and y size
            </summary>
            <param name="myWidth"></param>
            <param name="myHeight"></param>
            <param name="myPage"></param>
        </member>
        <member name="M:Spring2.Core.Drawing.Graphing.LineChart.AddLine(Spring2.Core.Drawing.Graphing.ChartLine)">
            <summary>
            Add a new ChartLine to the LineChart
            </summary>
            <param name="line"></param>
        </member>
        <member name="M:Spring2.Core.Drawing.Graphing.LineChart.Save(System.IO.Stream,System.Drawing.Imaging.ImageFormat)">
            <summary>
            Save output to a stream
            </summary>
            <param name="stream"></param>
        </member>
        <member name="M:Spring2.Core.Drawing.Graphing.LineChart.TextSize(System.String,System.Drawing.Font)">
            <summary>
            Utility method to find the drawn size of a text string given an font
            </summary>
            <param name="text"></param>
            <param name="font"></param>
            <returns></returns>
        </member>
        <member name="M:Spring2.Core.Drawing.Graphing.LineChart.Finalize">
            <summary>
            Class finalizer
            </summary>
        </member>
        <member name="P:Spring2.Core.Drawing.Graphing.LineChart.Title">
            <summary>
            Graph title
            </summary>
        </member>
        <member name="P:Spring2.Core.Drawing.Graphing.LineChart.XAxisLabel">
            <summary>
            Label below chart for X axis
            </summary>
        </member>
        <member name="P:Spring2.Core.Drawing.Graphing.LineChart.YAxisLabel">
            <summary>
            left side label for Y axis
            </summary>
        </member>
        <member name="P:Spring2.Core.Drawing.Graphing.LineChart.YOrigin">
            <summary>
            Y origin
            </summary>
        </member>
        <member name="P:Spring2.Core.Drawing.Graphing.LineChart.XOrigin">
            <summary>
            X origin
            </summary>
        </member>
        <member name="P:Spring2.Core.Drawing.Graphing.LineChart.ScaleX">
            <summary>
            max x
            </summary>
        </member>
        <member name="P:Spring2.Core.Drawing.Graphing.LineChart.ScaleY">
            <summary>
            max y
            </summary>
        </member>
        <member name="P:Spring2.Core.Drawing.Graphing.LineChart.XDivs">
            <summary>
            number of x axis divisions for axis labels
            </summary>
        </member>
        <member name="P:Spring2.Core.Drawing.Graphing.LineChart.YDivs">
            <summary>
            number of y axis divisions for axis labels
            </summary>
        </member>
        <member name="P:Spring2.Core.Drawing.Graphing.LineChart.XLabelFormat">
            <summary>
            X axis labels
            </summary>
        </member>
        <member name="P:Spring2.Core.Drawing.Graphing.LineChart.YLabelFormat">
            <summary>
            Y axis labels
            </summary>
        </member>
        <member name="T:Spring2.Core.Drawing.Graphing.LineChart.datapoint">
            <summary>
            internal structure to keep track of the individual data points
            </summary>
        </member>
        <member name="T:Spring2.Core.Drawing.Graphing.NumberLabelFormat">
            <summary>
            Summary description for NumberLabelFormat.
            </summary>
        </member>
        <member name="T:Spring2.Core.Globalization.DaylightTimeRule">
            <summary>
            Represents the rules that are used to determine the actual DaylightTime for a given year
            </summary>
        </member>
        <member name="M:Spring2.Core.Globalization.DaylightTimeRule.GetDaylightTime(System.Int32,System.TimeSpan)">
            <summary>
            Get the DaylightTime for the year specified, adjusted by UTC offset if required (by a RegionalTimeZone)
            </summary>
            <param name="year"></param>
            <param name="utcOffset"></param>
            <returns></returns>
        </member>
        <member name="T:Spring2.Core.Globalization.RegionalTimeZone">
            <summary>
            
            </summary>
        </member>
        <member name="M:Spring2.Core.Globalization.RegionalTimeZone.#ctor(System.String,System.String,Spring2.Core.Globalization.DaylightTimeRule,System.TimeSpan)">
            <summary>
            Constructor to create the limited number of TimeZone instances
            </summary>
            <param name="code">shorthand for the database</param>
            <param name="name">friendly, descriptive name</param>
            <param name="daylightTime">period of time that is "daylight savings time"</param>
            <param name="utcOffset">hours offset from UTC</param>
        </member>
        <member name="M:Spring2.Core.Globalization.RegionalTimeZone.GetInstance(System.String)">
            <summary>
            Returns the intialized instance for the corresponding TimeZone.
            </summary>
            <param name="code"></param>
            <returns></returns>
        </member>
        <member name="M:Spring2.Core.Globalization.RegionalTimeZone.GetUtcOffset(System.DateTime)">
            <summary>
            UTC offset for the specified time
            </summary>
            <param name="time"></param>
            <returns></returns>
        </member>
        <member name="M:Spring2.Core.Globalization.RegionalTimeZone.GetDaylightChanges(System.Int32)">
            <summary>
            DaylightTime for the specified year
            </summary>
            <param name="year"></param>
            <returns></returns>
        </member>
        <member name="M:Spring2.Core.Globalization.RegionalTimeZone.IsDaylightSavingTime(System.DateTime)">
            <summary>
            Is the date specified within the daylight time.  Returns false if daylight time is not observed.
            </summary>
            <param name="time"></param>
            <returns></returns>
        </member>
        <member name="M:Spring2.Core.Globalization.RegionalTimeZone.ToLocalTime(System.DateTime)">
            <summary>
            Returns the local time that corresponds to the specified coordinated universal time (UTC)
            </summary>
            <param name="time"></param>
            <returns></returns>
        </member>
        <member name="M:Spring2.Core.Globalization.RegionalTimeZone.ToLocalTime(System.DateTime,System.TimeZone)">
            <summary>
            Convert local time of another time zone to local time
            </summary>
            <param name="time"></param>
            <param name="timezone"></param>
            <returns></returns>
        </member>
        <member name="M:Spring2.Core.Globalization.RegionalTimeZone.ToUniversalTime(System.DateTime)">
            <summary>
            Returns the coordinated universal time (UTC) that corresponds to the specified local time
            </summary>
            <param name="time"></param>
            <returns></returns>
        </member>
        <member name="P:Spring2.Core.Globalization.RegionalTimeZone.Code">
            <summary>
            The code used to get a particular TimeZone instance
            </summary>
        </member>
        <member name="P:Spring2.Core.Globalization.RegionalTimeZone.Name">
            <summary>
            Name of TimeZone
            </summary>
        </member>
        <member name="P:Spring2.Core.Globalization.RegionalTimeZone.StandardName">
            <summary>
            Standard time name
            </summary>
        </member>
        <member name="P:Spring2.Core.Globalization.RegionalTimeZone.DaylightName">
            <summary>
            Daylight time name, empty string if daylight time is not observed
            </summary>
        </member>
        <member name="P:Spring2.Core.Globalization.RegionalTimeZone.Options">
            <summary>
            The complete list of possible TimeZone instances
            </summary>
        </member>
        <member name="T:Spring2.Core.Globalization.WeekOfMonth">
            <summary>
            Specification of an occurance within a month (i.e. last Sunday in October)
            </summary>
        </member>
        <member name="T:Spring2.Core.IO.ResourceLocator">
            <summary>
            Locates a resource (file) in the file system or as a resource in an assembly.
            </summary>
        </member>
        <member name="M:Spring2.Core.Types.DateType.#ctor">
            <summary>
            Creates a DateType populated with current time
            </summary>
        </member>
        <member name="M:Spring2.Core.Types.DateType.#ctor(System.DateTime)">
            <summary>
            Contructs a new instance of a DateType with
            the given date as its internal value.
            </summary>
            <param name="value">a DateTime object for the internal 
            value of the date type.</param>
        </member>
        <member name="T:Spring2.Core.Types.IntegerType">
            <summary>
            Data type for wrapping integers.  This class is to replace the soon to be 
            obsolete NumberType class.
            </summary>
        </member>
        <member name="T:Spring2.Core.Types.StringType">
            <summary>
            Summary description for StringType.
            </summary>
        </member>
        <member name="M:Spring2.Core.Types.StringType.#ctor(System.String)">
            <summary>
            Constructs a new StringType object from a String.
            This constructor is private to avoid creating
            StringTypes with a null internal value.  Use 
            NewInstance instead.
            </summary>
            <param name="value">the internal value of the new 
            object.</param>
        </member>
        <member name="T:Spring2.Core.Types.ValueDataType">
            <summary>
            Summary description for ValueDataType.
            </summary>
        </member>
        <member name="T:Spring2.Core.Util.ApplicationError">
            <summary>
            Represents an error caused by user input.
            </summary>
        </member>
        <member name="M:Spring2.Core.Util.ApplicationError.#ctor(System.String)">
            <summary>
            Creates an application error from the given property name.
            </summary>
            <param name="propertyName">the name of the property associated with the error.</param>
        </member>
        <member name="M:Spring2.Core.Util.ApplicationError.#ctor(System.String,System.String)">
            <summary>
            Creates an application error given a property name and a message.
            </summary>
            <param name="properyName">the name of the property associated with the error.</param>
            <param name="message">a message describing the error.</param>
        </member>
        <member name="P:Spring2.Core.Util.ApplicationError.PropertyName">
            <summary>
            Read-only property for accessing the property name of the error.
            </summary>
        </member>
        <member name="P:Spring2.Core.Util.ApplicationError.Message">
            <summary>
            Property for getting and setting a unique message associated with the error.
            </summary>
        </member>
        <member name="T:Spring2.Core.Util.ApplicationErrorCollection">
            <summary>
            Summary description for ApplicationErrorCollection.
            </summary>
        </member>
        <member name="T:Spring2.Core.Util.DateUtil">
            <summary>
            Summary description for DateUtil.
            </summary>
        </member>
        <member name="M:Spring2.Core.Util.DateUtil.ToDateTimeFromCreditCardDate(System.String)">
            <summary>
            Return the last day of the year/month represented by the mmyy date string.
            </summary>
            <param name="mmyy"></param>
            <returns></returns>
        </member>
        <member name="M:Spring2.Core.Util.DateUtil.ToDateTimeFromCreditCardDate(System.Int32,System.Int32)">
            <summary>
            Return the last day of the year/month represented by the mmyy date string.
            </summary>
            <param name="mmyy"></param>
            <returns></returns>
        </member>
        <member name="T:Spring2.Core.Util.ExceptionError">
            <summary>
            Summary description for ParseError.
            </summary>
        </member>
        <member name="T:Spring2.Core.Util.MissingRequiredFieldError">
            <summary>
            Summary description for MissingRequiredFieldError.
            </summary>
        </member>
        <member name="T:Spring2.Core.Util.ParseError">
            <summary>
            Summary description for ParseError.
            </summary>
        </member>
        <member name="T:Spring2.Core.Util.StringUtil">
            <summary>
            Collection of miscellaneous String functions
            </summary>
        </member>
        <member name="M:Spring2.Core.Util.StringUtil.RemoveTrailingNewLine(System.String)">
            <summary>
            Remove trailing Environment.NewLine from end of string.  Will remove multiples if they exist.
            </summary>
            <param name="s"></param>
            <returns></returns>
        </member>
        <member name="M:Spring2.Core.Util.StringUtil.RemoveTrailingString(System.String,System.String)">
            <summary>
            Remove trailing string from end of a string.  Will remove multiples if they exist.
            </summary>
            <param name="s"></param>
            <returns></returns>
        </member>
        <member name="M:Spring2.Core.Util.StringUtil.RemoveTrailingBlankLines(System.String)">
            <summary>
            Remove trailing Environment.NewLine from end of string.  Spaces are trimmed at end and between Environment.NewLine.
            </summary>
            <param name="s"></param>
            <returns></returns>
        </member>
        <member name="M:Spring2.Core.Util.StringUtil.fileContentsToString(System.String)">
            <summary>
            Read the contents of a file and place them in
            a string object.
            </summary>
            <param name="String">path to file.</param>
            <returns>String contents of the file.</returns>
        </member>
        <member name="T:Spring2.Core.Util.Timer">
            <summary>
            Util class to aide in performance timings.  Internally maintains time in ticks.  Start and Stop properties are expressed as ticks.
            </summary>
        </member>
        <member name="T:Spring2.Core.Xml.XIncludeReader">
            <summary>
            XmlTextReader that supports syntaxt for XInclude.
            Must include a namespace in the root element, like:
            xmlns:xinc="http://www.w3.org/1999/XML/xinclude" 
            
            use like:
            &lt;sqltypes-ref xinc:href="sqltypes.xml.inc" /&gt;
            
            Element name can be anything, namespace on href must match namespace included in root element.
            Included file can have any name and extention.
            </summary>
        </member>
    </members>
</doc>
