<?xml version="1.0"?>
<doc>
    <assembly>
        <name>Spring2.Core.ResourceManager.ResourceEditor</name>
    </assembly>
    <members>
        <member name="T:Spring2.Core.ResourceManager.Facade.ResourceEditor">
            <summary>
            Allows editing of resources
            </summary>
        </member>
        <member name="M:Spring2.Core.ResourceManager.Facade.ResourceEditor.GetContexts">
            <summary>
            Returns a StringTypeList of all contexts in the DB.
            </summary>
            <returns></returns>
        </member>
        <member name="M:Spring2.Core.ResourceManager.Facade.ResourceEditor.GetFields(Spring2.Core.Types.StringType)">
            <summary>
            Returns a StringTypeList of all fields in the DB for given context.
            </summary>
            <returns></returns>
        </member>
        <member name="M:Spring2.Core.ResourceManager.Facade.ResourceEditor.GetIdentities(Spring2.Core.Types.StringType,Spring2.Core.Types.StringType)">
            <summary>
            Returns an IdTypeList of all ContextIdenties in DB for given context and field.
            </summary>
            <param name="context"></param>
            <param name="field"></param>
            <returns></returns>
        </member>
        <member name="M:Spring2.Core.ResourceManager.Facade.ResourceEditor.GetResources(Spring2.Core.Types.StringType)">
            <summary>
            Returns all resources by context
            </summary>
            <param name="context"></param>
            <returns></returns>
        </member>
        <member name="M:Spring2.Core.ResourceManager.Facade.ResourceEditor.GetResources(Spring2.Core.Types.StringType,Spring2.Core.Types.StringType)">
            <summary>
            Returns all resources by context and field
            </summary>
            <param name="context"></param>
            <param name="field"></param>
            <returns></returns>
        </member>
    </members>
</doc>
