<?xml version="1.0"?>
<doc>
    <assembly>
        <name>Spring2.Core.Geocode</name>
    </assembly>
    <members>
        <member name="T:Spring2.Core.com.teleatlas.na.ezlocate.authentication.Authentication">
            <remarks/>
        </member>
        <member name="M:Spring2.Core.com.teleatlas.na.ezlocate.authentication.Authentication.#ctor">
            <remarks/>
        </member>
        <member name="M:Spring2.Core.com.teleatlas.na.ezlocate.authentication.Authentication.requestChallenge(System.String,System.Int32,System.Int32@)">
            <remarks/>
        </member>
        <member name="M:Spring2.Core.com.teleatlas.na.ezlocate.authentication.Authentication.BeginrequestChallenge(System.String,System.Int32,System.AsyncCallback,System.Object)">
            <remarks/>
        </member>
        <member name="M:Spring2.Core.com.teleatlas.na.ezlocate.authentication.Authentication.EndrequestChallenge(System.IAsyncResult,System.Int32@)">
            <remarks/>
        </member>
        <member name="M:Spring2.Core.com.teleatlas.na.ezlocate.authentication.Authentication.answerChallenge(System.Int32,System.Int32,System.Int32@)">
            <remarks/>
        </member>
        <member name="M:Spring2.Core.com.teleatlas.na.ezlocate.authentication.Authentication.BeginanswerChallenge(System.Int32,System.Int32,System.AsyncCallback,System.Object)">
            <remarks/>
        </member>
        <member name="M:Spring2.Core.com.teleatlas.na.ezlocate.authentication.Authentication.EndanswerChallenge(System.IAsyncResult,System.Int32@)">
            <remarks/>
        </member>
        <member name="M:Spring2.Core.com.teleatlas.na.ezlocate.authentication.Authentication.invalidateCredential(System.Int32)">
            <remarks/>
        </member>
        <member name="M:Spring2.Core.com.teleatlas.na.ezlocate.authentication.Authentication.BegininvalidateCredential(System.Int32,System.AsyncCallback,System.Object)">
            <remarks/>
        </member>
        <member name="M:Spring2.Core.com.teleatlas.na.ezlocate.authentication.Authentication.EndinvalidateCredential(System.IAsyncResult)">
            <remarks/>
        </member>
        <member name="M:Spring2.Core.com.teleatlas.na.ezlocate.authentication.Authentication.testCredential(System.String,System.Int32,System.Int32,System.String@,System.String@,System.Int64@)">
            <remarks/>
        </member>
        <member name="M:Spring2.Core.com.teleatlas.na.ezlocate.authentication.Authentication.BegintestCredential(System.String,System.Int32,System.Int32,System.AsyncCallback,System.Object)">
            <remarks/>
        </member>
        <member name="M:Spring2.Core.com.teleatlas.na.ezlocate.authentication.Authentication.EndtestCredential(System.IAsyncResult,System.String@,System.String@,System.Int64@)">
            <remarks/>
        </member>
        <member name="T:Spring2.Core.Geocode.IGeocodeProvider">
            <summary>
            Summary description for IGeocodeProvider.
            </summary>
        </member>
        <member name="T:Spring2.Core.com.teleatlas.na.ezlocate.geocoding.Geocoding">
            <remarks/>
        </member>
        <member name="M:Spring2.Core.com.teleatlas.na.ezlocate.geocoding.Geocoding.#ctor">
            <remarks/>
        </member>
        <member name="M:Spring2.Core.com.teleatlas.na.ezlocate.geocoding.Geocoding.getServices(System.Int32,Spring2.Core.com.teleatlas.na.ezlocate.geocoding.NameValue[]@)">
            <remarks/>
        </member>
        <member name="M:Spring2.Core.com.teleatlas.na.ezlocate.geocoding.Geocoding.BegingetServices(System.Int32,System.AsyncCallback,System.Object)">
            <remarks/>
        </member>
        <member name="M:Spring2.Core.com.teleatlas.na.ezlocate.geocoding.Geocoding.EndgetServices(System.IAsyncResult,Spring2.Core.com.teleatlas.na.ezlocate.geocoding.NameValue[]@)">
            <remarks/>
        </member>
        <member name="M:Spring2.Core.com.teleatlas.na.ezlocate.geocoding.Geocoding.getServiceDescription(System.String,System.Int32,System.String@,System.String@,Spring2.Core.com.teleatlas.na.ezlocate.geocoding.NameValue[]@,Spring2.Core.com.teleatlas.na.ezlocate.geocoding.OutputField[]@,Spring2.Core.com.teleatlas.na.ezlocate.geocoding.MatchType[]@,System.String@)">
            <remarks/>
        </member>
        <member name="M:Spring2.Core.com.teleatlas.na.ezlocate.geocoding.Geocoding.BegingetServiceDescription(System.String,System.Int32,System.AsyncCallback,System.Object)">
            <remarks/>
        </member>
        <member name="M:Spring2.Core.com.teleatlas.na.ezlocate.geocoding.Geocoding.EndgetServiceDescription(System.IAsyncResult,System.String@,System.String@,Spring2.Core.com.teleatlas.na.ezlocate.geocoding.NameValue[]@,Spring2.Core.com.teleatlas.na.ezlocate.geocoding.OutputField[]@,Spring2.Core.com.teleatlas.na.ezlocate.geocoding.MatchType[]@,System.String@)">
            <remarks/>
        </member>
        <member name="M:Spring2.Core.com.teleatlas.na.ezlocate.geocoding.Geocoding.findAddress(System.String,Spring2.Core.com.teleatlas.na.ezlocate.geocoding.NameValue[],System.Int32,Spring2.Core.com.teleatlas.na.ezlocate.geocoding.Geocode@)">
            <remarks/>
        </member>
        <member name="M:Spring2.Core.com.teleatlas.na.ezlocate.geocoding.Geocoding.BeginfindAddress(System.String,Spring2.Core.com.teleatlas.na.ezlocate.geocoding.NameValue[],System.Int32,System.AsyncCallback,System.Object)">
            <remarks/>
        </member>
        <member name="M:Spring2.Core.com.teleatlas.na.ezlocate.geocoding.Geocoding.EndfindAddress(System.IAsyncResult,Spring2.Core.com.teleatlas.na.ezlocate.geocoding.Geocode@)">
            <remarks/>
        </member>
        <member name="M:Spring2.Core.com.teleatlas.na.ezlocate.geocoding.Geocoding.findMultiAddress(System.String,Spring2.Core.com.teleatlas.na.ezlocate.geocoding.NameValue[][],System.Int32,Spring2.Core.com.teleatlas.na.ezlocate.geocoding.Geocode[]@)">
            <remarks/>
        </member>
        <member name="M:Spring2.Core.com.teleatlas.na.ezlocate.geocoding.Geocoding.BeginfindMultiAddress(System.String,Spring2.Core.com.teleatlas.na.ezlocate.geocoding.NameValue[][],System.Int32,System.AsyncCallback,System.Object)">
            <remarks/>
        </member>
        <member name="M:Spring2.Core.com.teleatlas.na.ezlocate.geocoding.Geocoding.EndfindMultiAddress(System.IAsyncResult,Spring2.Core.com.teleatlas.na.ezlocate.geocoding.Geocode[]@)">
            <remarks/>
        </member>
        <member name="T:Spring2.Core.com.teleatlas.na.ezlocate.geocoding.NameValue">
            <remarks/>
        </member>
        <member name="F:Spring2.Core.com.teleatlas.na.ezlocate.geocoding.NameValue.name">
            <remarks/>
        </member>
        <member name="F:Spring2.Core.com.teleatlas.na.ezlocate.geocoding.NameValue.value">
            <remarks/>
        </member>
        <member name="T:Spring2.Core.com.teleatlas.na.ezlocate.geocoding.Geocode">
            <remarks/>
        </member>
        <member name="F:Spring2.Core.com.teleatlas.na.ezlocate.geocoding.Geocode.resultCode">
            <remarks/>
        </member>
        <member name="F:Spring2.Core.com.teleatlas.na.ezlocate.geocoding.Geocode.mAttributes">
            <remarks/>
        </member>
        <member name="T:Spring2.Core.com.teleatlas.na.ezlocate.geocoding.MatchType">
            <remarks/>
        </member>
        <member name="F:Spring2.Core.com.teleatlas.na.ezlocate.geocoding.MatchType.name">
            <remarks/>
        </member>
        <member name="F:Spring2.Core.com.teleatlas.na.ezlocate.geocoding.MatchType.description">
            <remarks/>
        </member>
        <member name="F:Spring2.Core.com.teleatlas.na.ezlocate.geocoding.MatchType.id">
            <remarks/>
        </member>
        <member name="T:Spring2.Core.com.teleatlas.na.ezlocate.geocoding.OutputField">
            <remarks/>
        </member>
        <member name="F:Spring2.Core.com.teleatlas.na.ezlocate.geocoding.OutputField.name">
            <remarks/>
        </member>
        <member name="F:Spring2.Core.com.teleatlas.na.ezlocate.geocoding.OutputField.description">
            <remarks/>
        </member>
        <member name="F:Spring2.Core.com.teleatlas.na.ezlocate.geocoding.OutputField.type">
            <remarks/>
        </member>
        <member name="T:Spring2.Core.Geocode.WebService.TeleAtlasWebServiceProvider">
            <summary>
            Summary description for TeleAtlasWebServiceProvider.
            </summary>
        </member>
        <member name="T:Spring2.Core.Geocode.WebService.ITeleAtlasAuthenticator">
            <summary>
            Summary description for ITeleAtlasAuthenticator.
            </summary>
        </member>
        <member name="T:Spring2.Core.Geocode.GeocodeWrapper">
            <summary>
            Summary description for GecodeWrapper.
            </summary>
        </member>
        <member name="M:Spring2.Core.Geocode.GeocodeWrapper.ExecuteCommand">
            <summary>
            </summary>
        </member>
        <member name="M:Spring2.Core.Geocode.GeocodeWrapper.StandardOutputReader">
            <summary>
            Reader thread for standard output
            
            <p/>Updates the private variable _outputString (locks it first)
            </summary>
        </member>
        <member name="M:Spring2.Core.Geocode.GeocodeWrapper.StandardErrorReader">
            <summary>
            Reader thread for standard error
            
            <p/>Updates the private variable _errorString (locks it first)
            </summary>
        </member>
        <member name="P:Spring2.Core.Geocode.GeocodeWrapper.exeDirectory">
            <summary>
            name of the home directory (where keyrings AND gpg.exe are located)
            </summary>
        </member>
        <member name="T:Spring2.Core.Geocode.WebService.GeocodeWebServiceWrapper">
            <summary>
            Summary description for GecodeWebServiceWrapper.
            </summary>
        </member>
        <member name="M:Spring2.Core.Geocode.WebService.GeocodeWebServiceWrapper.ExecuteWebServiceCommand">
            <summary>
            Calls the Tele Atlas web service function to validate the address
            </summary>
            <returns>TeleAtlasGeocodeData</returns>
        </member>
        <member name="M:Spring2.Core.Geocode.WebService.GeocodeWebServiceWrapper.MakeGeocodeParamString">
            <summary>
            Creates the input string passed to Tele Atlas for verification
            </summary>
            <returns>com.teleatlas.na.ezlocate.geocoding.NameValue[]</returns>
        </member>
        <member name="M:Spring2.Core.Geocode.WebService.GeocodeWebServiceWrapper.NewNamedPair(System.String,System.String)">
            <summary>
            creates the name value pair used as input to the Tele Atlas web service
            	/// </summary>
            <param name="name"></param>
            <param name="data"></param>
            <returns>com.teleatlas.na.ezlocate.geocoding.NameValue</returns>
        </member>
        <member name="P:Spring2.Core.Geocode.WebService.GeocodeWebServiceWrapper.Credential">
            <summary>
            Creates the credential it uses to authenticate against the Tele Atlas Servers
            </summary>
        </member>
        <member name="T:Spring2.Core.Geocode.GeocodeData">
            <summary>
            Summary description for GecodeData.
            </summary>
        </member>
        <member name="T:Spring2.Core.Geocode.DataObject.AddressCacheList">
            <summary>
            IAddressCache generic collection
            </summary>
        </member>
        <member name="M:Spring2.Core.Geocode.DataObject.AddressCacheList.Contains(Spring2.Core.Types.IdType)">
            <summary>
            See if the list contains an instance by identity
            </summary>
        </member>
        <member name="M:Spring2.Core.Geocode.DataObject.AddressCacheList.RetainAll(Spring2.Core.Geocode.DataObject.AddressCacheList)">
            <summary>
            Returns a new list that contains all of the elements that are in both lists
            </summary>
        </member>
        <member name="M:Spring2.Core.Geocode.DataObject.AddressCacheList.RemoveAll(Spring2.Core.Geocode.DataObject.AddressCacheList)">
            <summary>
            return a new list that contains only the elements not contained in the argument list
            </summary>
        </member>
        <member name="M:Spring2.Core.Geocode.DataObject.AddressCacheList.Sort(System.Collections.IComparer)">
            <summary>
            Sort a list by a column
            </summary>
        </member>
        <member name="M:Spring2.Core.Geocode.DataObject.AddressCacheList.Sort(System.String)">
            <summary>
            Sort the list given the name of a comparer class.
            </summary>
        </member>
        <member name="P:Spring2.Core.Geocode.DataObject.AddressCacheList.Item(Spring2.Core.Types.IdType)">
            <summary>
            returns the instance by identity or null if it not found
            </summary>
        </member>
        <member name="T:Spring2.Core.Geocode.Types.GeocodeStatusEnumList">
            <summary>
            GeocodeStatusEnum generic collection
            </summary>
        </member>
        <member name="T:Spring2.Core.Geocode.Dao.AddressCacheDAO">
            <summary>
            Data access class for AddressCache business entity.
            </summary>
        </member>
        <member name="M:Spring2.Core.Geocode.Dao.AddressCacheDAO.#cctor">
            <summary>
            Initializes the static map of property names to sql expressions.
            </summary>
        </member>
        <member name="M:Spring2.Core.Geocode.Dao.AddressCacheDAO.GetList">
            <summary>
            Returns a list of all AddressCache rows.
            </summary>
            <returns>List of AddressCache objects.</returns>
            <exception cref="T:Spring2.Core.DAO.FinderException">Thrown when no rows are found.</exception>
        </member>
        <member name="M:Spring2.Core.Geocode.Dao.AddressCacheDAO.GetList(Spring2.Core.DAO.SqlFilter)">
            <summary>
            Returns a filtered list of AddressCache rows.
            </summary>
            <param name="filter">Filtering criteria.</param>
            <returns>List of AddressCache objects.</returns>
            <exception cref="T:Spring2.Core.DAO.FinderException">Thrown when no rows are found matching the where criteria.</exception>
        </member>
        <member name="M:Spring2.Core.Geocode.Dao.AddressCacheDAO.GetList(Spring2.Core.DAO.IOrderBy)">
            <summary>
            Returns an ordered list of AddressCache rows.  All rows in the database are returned
            </summary>
            <param name="orderByClause">Ordering criteria.</param>
            <returns>List of AddressCache objects.</returns>
            <exception cref="T:Spring2.Core.DAO.FinderException">Thrown when no rows are found.</exception>
        </member>
        <member name="M:Spring2.Core.Geocode.Dao.AddressCacheDAO.GetList(Spring2.Core.DAO.SqlFilter,Spring2.Core.DAO.IOrderBy)">
            <summary>
            Returns an ordered and filtered list of AddressCache rows.
            </summary>
            <param name="filter">Filtering criteria.</param>
            <param name="orderByClause">Ordering criteria.</param>
            <returns>List of AddressCache objects.</returns>
            <exception cref="T:Spring2.Core.DAO.FinderException">Thrown when no rows are found matching the where criteria.</exception>
        </member>
        <member name="M:Spring2.Core.Geocode.Dao.AddressCacheDAO.GetList(System.Int32)">
            <summary>
            Returns a list of all AddressCache rows.
            </summary>
            <param name="maxRows">Uses TOP to limit results to specified number of rows</param>
            <returns>List of AddressCache objects.</returns>
            <exception cref="T:Spring2.Core.DAO.FinderException">Thrown when no rows are found.</exception>
        </member>
        <member name="M:Spring2.Core.Geocode.Dao.AddressCacheDAO.GetList(Spring2.Core.DAO.SqlFilter,System.Int32)">
            <summary>
            Returns a filtered list of AddressCache rows.
            </summary>
            <param name="filter">Filtering criteria.</param>
            <param name="maxRows">Uses TOP to limit results to specified number of rows</param>
            <returns>List of AddressCache objects.</returns>
            <exception cref="T:Spring2.Core.DAO.FinderException">Thrown when no rows are found matching the where criteria.</exception>
        </member>
        <member name="M:Spring2.Core.Geocode.Dao.AddressCacheDAO.GetList(Spring2.Core.DAO.IOrderBy,System.Int32)">
            <summary>
            Returns an ordered list of AddressCache rows.  All rows in the database are returned
            </summary>
            <param name="orderByClause">Ordering criteria.</param>
            <param name="maxRows">Uses TOP to limit results to specified number of rows</param>
            <returns>List of AddressCache objects.</returns>
            <exception cref="T:Spring2.Core.DAO.FinderException">Thrown when no rows are found.</exception>
        </member>
        <member name="M:Spring2.Core.Geocode.Dao.AddressCacheDAO.GetList(Spring2.Core.DAO.SqlFilter,Spring2.Core.DAO.IOrderBy,System.Int32)">
            <summary>
            Returns an ordered and filtered list of AddressCache rows.
            </summary>
            <param name="filter">Filtering criteria.</param>
            <param name="orderByClause">Ordering criteria.</param>
            <param name="maxRows">Uses TOP to limit results to specified number of rows</param>
            <returns>List of AddressCache objects.</returns>
            <exception cref="T:Spring2.Core.DAO.FinderException">Thrown when no rows are found matching the where criteria.</exception>
        </member>
        <member name="M:Spring2.Core.Geocode.Dao.AddressCacheDAO.Load(Spring2.Core.Types.IdType)">
            <summary>
            Finds a AddressCache entity using it's primary key.
            </summary>
            <param name="AddressId">A key field.</param>
            <returns>A AddressCache object.</returns>
            <exception cref="T:Spring2.Core.DAO.FinderException">Thrown when no entity exists witht he specified primary key..</exception>
        </member>
        <member name="M:Spring2.Core.Geocode.Dao.AddressCacheDAO.Reload(Spring2.Core.Geocode.BusinessLogic.AddressCache)">
            <summary>
            Repopulates an existing business entity instance
            </summary>
        </member>
        <member name="M:Spring2.Core.Geocode.Dao.AddressCacheDAO.GetList(System.Data.IDataReader)">
            <summary>
            Read through the reader and return a data object list
            </summary>
        </member>
        <member name="M:Spring2.Core.Geocode.Dao.AddressCacheDAO.GetDataObject(System.Data.IDataReader)">
            <summary>
            Read from reader and return a single data object
            </summary>
        </member>
        <member name="M:Spring2.Core.Geocode.Dao.AddressCacheDAO.GetDataObject(System.Data.IDataReader,Spring2.Core.Geocode.Dao.AddressCacheDAO.ColumnOrdinals)">
            <summary>
            Read from reader and return a single data object
            </summary>
        </member>
        <member name="M:Spring2.Core.Geocode.Dao.AddressCacheDAO.GetDataObjectFromReader(Spring2.Core.Geocode.BusinessLogic.AddressCache,System.Data.IDataReader)">
            <summary>
            Builds a data object from the current row in a data reader..
            </summary>
            <param name="data">Entity to be populated from data reader</param>
            <param name="dataReader">Container for database row.</param>
            <returns>Data object built from current row.</returns>
        </member>
        <member name="M:Spring2.Core.Geocode.Dao.AddressCacheDAO.GetDataObjectFromReader(System.Data.IDataReader)">
            <summary>
            Builds a data object from the current row in a data reader..
            </summary>
            <param name="dataReader">Container for database row.</param>
            <returns>Data object built from current row.</returns>
        </member>
        <member name="M:Spring2.Core.Geocode.Dao.AddressCacheDAO.GetDataObjectFromReader(System.Data.IDataReader,Spring2.Core.Geocode.Dao.AddressCacheDAO.ColumnOrdinals)">
            <summary>
            Builds a data object from the current row in a data reader..
            </summary>
            <param name="dataReader">Container for database row.</param>
            <param name="ordinals">An instance of ColumnOrdinals initialized for this data reader</param>
            <returns>Data object built from current row.</returns>
        </member>
        <member name="M:Spring2.Core.Geocode.Dao.AddressCacheDAO.GetDataObjectFromReader(Spring2.Core.Geocode.BusinessLogic.AddressCache,System.Data.IDataReader,Spring2.Core.Geocode.Dao.AddressCacheDAO.ColumnOrdinals)">
            <summary>
            Builds a data object from the current row in a data reader..
            </summary>
            <param name="data">Entity to be populated from data reader</param>
            <param name="dataReader">Container for database row.</param>
            <param name="ordinals">An instance of ColumnOrdinals initialized for this data reader</param>
            <returns>Data object built from current row.</returns>
        </member>
        <member name="M:Spring2.Core.Geocode.Dao.AddressCacheDAO.Insert(Spring2.Core.Geocode.BusinessLogic.AddressCache)">
            <summary>
            Inserts a record into the AddressCache table.
            </summary>
            <param name="data"></param>
        </member>
        <member name="M:Spring2.Core.Geocode.Dao.AddressCacheDAO.Insert(Spring2.Core.Geocode.BusinessLogic.AddressCache,System.Data.IDbTransaction)">
            <summary>
            Inserts a record into the AddressCache table.
            </summary>
            <param name="data"></param>
            <param name="transaction"></param>
        </member>
        <member name="M:Spring2.Core.Geocode.Dao.AddressCacheDAO.Update(Spring2.Core.Geocode.BusinessLogic.AddressCache)">
            <summary>
            Updates a record in the AddressCache table.
            </summary>
            <param name="data"></param>
        </member>
        <member name="M:Spring2.Core.Geocode.Dao.AddressCacheDAO.Update(Spring2.Core.Geocode.BusinessLogic.AddressCache,System.Data.IDbTransaction)">
            <summary>
            Updates a record in the AddressCache table.
            </summary>
            <param name="data"></param>
            <param name="transaction"></param>
        </member>
        <member name="M:Spring2.Core.Geocode.Dao.AddressCacheDAO.Delete(Spring2.Core.Types.IdType)">
            <summary>
            Deletes a record from the AddressCache table by AddressId.
            </summary>
            <param name="AddressId">A key field.</param>
        </member>
        <member name="M:Spring2.Core.Geocode.Dao.AddressCacheDAO.Delete(Spring2.Core.Types.IdType,System.Data.IDbTransaction)">
            <summary>
            Deletes a record from the AddressCache table by AddressId.
            </summary>
            <param name="AddressId">A key field.</param>
            <param name="transaction"></param>
        </member>
        <member name="M:Spring2.Core.Geocode.Dao.AddressCacheDAO.FindAddressByStreetAndPostalCode(Spring2.Core.Types.StringType,Spring2.Core.Types.StringType)">
            <summary>
            Returns a list of objects which match the values for the fields specified.
            </summary>
            <param name="Address1">A field value to be matched.</param>
            <param name="PostalCode">A field value to be matched.</param>
            <returns>The list of AddressCacheDAO objects found.</returns>
        </member>
        <member name="M:Spring2.Core.Geocode.Dao.AddressCacheDAO.FindAddressByStreetAndCityAndState(Spring2.Core.Types.StringType,Spring2.Core.Types.StringType,Spring2.Core.Types.StringType)">
            <summary>
            Returns a list of objects which match the values for the fields specified.
            </summary>
            <param name="Address1">A field value to be matched.</param>
            <param name="City">A field value to be matched.</param>
            <param name="Region">A field value to be matched.</param>
            <returns>The list of AddressCacheDAO objects found.</returns>
        </member>
        <member name="T:Spring2.Core.Geocode.WebService.TeleAtlasGeocodeWebServiceData">
            <summary>
            Summary description for GeocodeData.
            </summary>
        </member>
        <member name="M:Spring2.Core.Geocode.WebService.TeleAtlasGeocodeWebServiceData.ParseOutput">
            <summary>
            Parses the hash and extracts the data
            </summary>
        </member>
        <member name="M:Spring2.Core.Geocode.WebService.TeleAtlasGeocodeWebServiceData.CreateDBOutput">
            <summary>
            converts the name/value result object returned by the webservice to a string format that is saved
            to the database in the Result column of AddressCache
            </summary>
        </member>
        <member name="M:Spring2.Core.Geocode.WebService.TeleAtlasGeocodeWebServiceData.DoConversion">
            <summary>
            Converts the legacy Result string returned by the Tele Atlas application to a new format
            </summary>
        </member>
        <member name="T:Spring2.Core.Geocode.WebService.TeleAtlasAuthenticator">
            <summary>
            Summary description for TeleAtlasAuthenticator.
            </summary>
        </member>
        <member name="M:Spring2.Core.Geocode.WebService.TeleAtlasAuthenticator.Authenticate(System.String,System.String,System.String)">
            <summary>
            authenticates the user against the Tele Atlas server
            </summary>
            <param name="userName"></param>
            <param name="password"></param>
            <param name="host"></param>
            <returns>int</returns>
        </member>
        <member name="M:Spring2.Core.Geocode.WebService.TeleAtlasAuthenticator.GetCredential">
            <summary>
            uses a cached credential unless the timeout window has expired
            new credentials are valid for 8 minutes
            this function expires them after 5 minutes thus giving any caller
            a guaranteed safety window during which the credential can be used.
            </summary>
            <returns>int</returns>
        </member>
        <member name="M:Spring2.Core.Geocode.WebService.TeleAtlasAuthenticator.CreateCredential(System.Int32)">
            <summary>
            authenticates with the server and returns the created credential value
            </summary>
            <param name="duration"></param>
            <returns>int</returns>
        </member>
        <member name="T:Spring2.Core.Geocode.GeocodeProvider">
            <summary>
            Summary description for GeocodeProvider.
            </summary>
        </member>
        <member name="T:Spring2.Core.Geocode.TeleAtlasProvider">
            <summary>
            Summary description for TeleAtlasProvider.
            </summary>
        </member>
        <member name="T:Spring2.Core.Geocode.TeleAtlasGeocodeData">
            <summary>
            Summary description for GeocodeData.
            </summary>
        </member>
        <member name="T:Spring2.Core.Geocode.GeocodeException">
            <summary>
            Summary description for GeocodeException.
            </summary>
        </member>
        <member name="T:Spring2.Core.Geocode.GecodeTestProvider">
            <summary>
            Summary description for GecodeTestProvider.
            </summary>
        </member>
    </members>
</doc>
