		<!--
		<sqlentity name="ConfigurationSetting">
		    <columns>
			<column name="ConfigurationSettingId" sqltype="Int" identity="True" required="True" />
			<column name="Key" sqltype="VarChar" length="100" required="True" />
			<column name="Value" sqltype="VarChar" length="1024" required="True" />
			<column name="LastModifiedDate" sqltype="DateTime" required="True" />
			<column name="LastModifiedUserId" sqltype="Int" required="True" />
			<column name="EffectiveDate" sqltype="Int" required="True" default="GetDate()" />
		    </columns>
		    <constraints>
			<constraint name="PK_ConfigurationSetting" type="PRIMARY KEY">
			    <column name="ConfigurationSettingId" />
			</constraint>
		    <constraint name="UN_ConfigurationSetting" type="UNIQUE">
			<column name="Key" />
			<column name="EffectiveDate" />
		    </constraint>
		    </constraints>
		</sqlentity>
		-->

    <!--
     <entity name="ConfigurationSetting"  sqlentity="ConfigurationSetting">
	<properties>
	    <property name="ConfigurationSettingId" type="IdType" column="*" />
	    <property name="Key" type="StringType" column="*" />
	    <property name="Value" type="StringType" column="*" />
	    <property name="LastModifiedDate" type="DateTimeType" column="*" />
	    <property name="LastModifiedUserId" type="IdType" column="*" />
		<property name="EffectiveDate" type=DateTimeType" column="*" />
	</properties>
	<finders> 
	    <finder name="FindModifications" unique="False" expression="LastModifiedDate >= {0}">
		<properties>
		    <property name="LastModifiedDate" />
		</properties>
	    </finder>	    
	</finders> 
    </entity>
    -->
