<!--
    
      Database/SqlEntity definitions

-->
<databases generateinsertstoredprocscript="True" generateupdatestoredprocscript="True" generatedeletestoredprocscript="True" generateselectstoredprocscript="True" generateviewscript="True" generatetablescript="True" useview="True">
    <database name="Database" key="ConnectionString">
	<sqlentities>
	    <sqlentity name="Resource" >
		<columns>
		    <column name="ResourceId" sqltype="Int" identity="True" required="True" />
		    <column name="Context" sqltype="VarChar" length="100" required="True" />
		    <column name="Field" sqltype="VarChar" length="100" required="True" />
		    <column name="ContextIdentity" sqltype="Int" required="False" />
		</columns>
		<constraints>
		    <constraint name="PK_Resource" type="PRIMARY KEY">
			<column name="ResourceId" />
		    </constraint>
		    <constraint name="UN_ResourceEntityPropertyIdentity" type="UNIQUE">
			<column name="Context" />
			<column name="Field" />
			<column name="ContextIdentity" />
		    </constraint>
		</constraints>
	    </sqlentity>
	    <sqlentity name="LocalizedResource" >
		<columns>
		    <column name="LocalizedResourceId" sqltype="Int" identity="True" required="True" />
		    <column name="ResourceId" sqltype="Int" required="True" />
		    <column name="Locale" sqltype="VarChar" length="100" required="True" />
		    <column name="Language" sqltype="VarChar" length="100" required="True" />
		    <column name="Content" sqltype="VarChar" length="4000" required="True" />
		</columns>
		<constraints>
		    <constraint name="PK_LocalizedResource" type="PRIMARY KEY">
			<column name="LocalizedResourceId" />
		    </constraint>
		    <constraint name="FK_LocalizedResource_Resource" type="FOREIGN KEY" foreignentity="Resource">
			<column name="ResourceId" foreigncolumn="ResourceId" />
		    </constraint>
		    <constraint name="UN_LocalizedResourceLocalLanguage" type="UNIQUE">
			<column name="ResourceId" />
			<column name="Locale" />
			<column name="Language" />
		    </constraint>
		</constraints>
		<views>
		    <view name="vwLocalizedResource">
			<constraint name="FK_LocalizedResource_Resource" prefix="Resource_" />
		    </view>
		</views>
	    </sqlentity>
	</sqlentities>
    </database>
</databases>
