<?xml version="1.0"?>
<doc>
    <assembly>
        <name>Spring2.Core.PostSharp</name>
    </assembly>
    <members>
        <member name="T:Spring2.Core.PostSharp.DbConnectionScopeAttribute">
            <summary>
            Custom attribute that will create a DbConnectionScope for the attributed method.  The default option, if not specified, is Required.
            </summary>
        </member>
        <member name="F:Spring2.Core.PostSharp.Log4NetTraceAttribute.entryLevel">
            <summary>
            Level of messages logged when a method is entered.
            </summary>
        </member>
        <member name="F:Spring2.Core.PostSharp.Log4NetTraceAttribute.entryText">
            <summary>
            Message to log when a method is entered.
            </summary>
        </member>
        <member name="F:Spring2.Core.PostSharp.Log4NetTraceAttribute.exitLevel">
            <summary>
            Level of messages logged when a method is exited normally (i.e. without throwing exception).
            </summary>
        </member>
        <member name="F:Spring2.Core.PostSharp.Log4NetTraceAttribute.exitText">
            <summary>
            Message to log when a method is exited normally (i.e. without throwing exception).
            </summary>
        </member>
        <member name="F:Spring2.Core.PostSharp.Log4NetTraceAttribute.exceptionLevel">
            <summary>
            Level of messages logged when an exception is thrown from a method.
            </summary>
        </member>
        <member name="F:Spring2.Core.PostSharp.Log4NetTraceAttribute.exceptionText">
            <summary>
            Message to log when an exception is thrown from a method.
            </summary>
        </member>
        <member name="M:Spring2.Core.PostSharp.Log4NetTraceAttribute.#ctor">
            <summary>
            Initializes a new instance of the <see cref="T:Spring2.Core.PostSharp.Log4NetTraceAttribute"/> class.
            </summary>
        </member>
        <member name="M:Spring2.Core.PostSharp.Log4NetTraceAttribute.#ctor(Spring2.Core.PostSharp.LogLevel,System.String)">
            <summary>
            Initializes a new instance of the <see cref="T:Spring2.Core.PostSharp.Log4NetTraceAttribute"/> class with the specified entry
            message details.
            </summary>
            <param name="entryLevel">Level of the message that will be logged when a method is entered.</param>
            <param name="entryText">Message to log when a method is entered.</param>
            <exception cref="T:System.ArgumentNullException"><paramref name="entryText"/> is <see langword="null"/>.</exception>
            <remarks>
            <para>This constructor also sets <see cref="P:Spring2.Core.PostSharp.Log4NetTraceAttribute.ExceptionLevel"/> to <see cref="F:Spring2.Core.PostSharp.LogLevel.Error"/>.</para>
            <para>Please refer to the class documentation for more information.</para>
            </remarks>
        </member>
        <member name="P:Spring2.Core.PostSharp.Log4NetTraceAttribute.EntryLevel">
            <summary>
            Gets or sets the level of messages logged when a method is entered.
            </summary>
            <remarks>
            <para>Default value of this proprerty is <see cref="F:Spring2.Core.PostSharp.LogLevel.None"/>.</para>
            </remarks>
        </member>
        <member name="P:Spring2.Core.PostSharp.Log4NetTraceAttribute.EntryText">
            <summary>
            Gets or sets the message to log when a method is entered.
            </summary>
            <exception cref="T:System.ArgumentNullException"><paramref name="value"/> is <see langword="null"/>.</exception>
            <remarks>
            <para>Default value of this proprerty is the following string: "Entering method: {signature}.".</para>
            <para>Please refer to the class documentation for more information.</para>
            </remarks>
        </member>
        <member name="P:Spring2.Core.PostSharp.Log4NetTraceAttribute.ExitLevel">
            <summary>
            Gets or sets the level of messages logged when a method is exited normally (i.e. without throwing exception).
            </summary>
            <remarks>
            <para>Default value of this proprerty is <see cref="F:Spring2.Core.PostSharp.LogLevel.None"/>.</para>
            </remarks>
        </member>
        <member name="P:Spring2.Core.PostSharp.Log4NetTraceAttribute.ExitText">
            <summary>
            Gets or sets the message to log when a method is exited normally (i.e. without throwing exception).
            </summary>
            <exception cref="T:System.ArgumentNullException"><paramref name="value"/> is <see langword="null"/>.</exception>
            <remarks>
            <para>Default value of this proprerty is the following string: "Exiting method: {signature}.".</para>
            <para>Please refer to the class documentation for more information.</para>
            </remarks>
        </member>
        <member name="P:Spring2.Core.PostSharp.Log4NetTraceAttribute.ExceptionLevel">
            <summary>
            Gets or sets the level of messages logged when an exception is thrown from a method.
            </summary>
            <remarks>
            <para>Default value of this proprerty is <see cref="F:Spring2.Core.PostSharp.LogLevel.None"/>.</para>
            </remarks>
        </member>
        <member name="P:Spring2.Core.PostSharp.Log4NetTraceAttribute.ExceptionText">
            <summary>
            Gets or sets the message to log when an exception is thrown from a method.
            </summary>
            <exception cref="T:System.ArgumentNullException"><paramref name="value"/> is <see langword="null"/>.</exception>
            <remarks>
            <para>Default value of this proprerty is the following string: "Exception thrown from method: {signature}.".</para>
            <para>Please refer to the class documentation for more information.</para>
            </remarks>
        </member>
        <member name="T:Spring2.Core.PostSharp.LogLevel">
            <summary>
            Specifies severity level of a logged message.
            </summary>
        </member>
        <member name="F:Spring2.Core.PostSharp.LogLevel.None">
            <summary>
            No message should be logged.
            </summary>
        </member>
        <member name="F:Spring2.Core.PostSharp.LogLevel.Debug">
            <summary>
            Message should be logged using Debug() method.
            </summary>
        </member>
        <member name="F:Spring2.Core.PostSharp.LogLevel.Info">
            <summary>
            Message should be logged using Info() method.
            </summary>
        </member>
        <member name="F:Spring2.Core.PostSharp.LogLevel.Warn">
            <summary>
            Message should be logged using Warn() method.
            </summary>
        </member>
        <member name="F:Spring2.Core.PostSharp.LogLevel.Error">
            <summary>
            Message should be logged using Error() method.
            </summary>
        </member>
        <member name="F:Spring2.Core.PostSharp.LogLevel.Fatal">
            <summary>
            Message should be logged using Fatal() method.
            </summary>
        </member>
        <member name="M:Spring2.Core.PostSharp.PerformanceCounterIncrementAttribute.#ctor(System.String,System.String,System.String)">
            <summary>
            Attribute to indicate a method invocation is used to modify a performance counter.  This constructor create an instance that will increment the performance counter by one each time the decorated method is called.
            </summary>
            <param name="categoryName"></param>
            <param name="counterName"></param>
            <param name="instanceName"></param>
        </member>
        <member name="M:Spring2.Core.PostSharp.PerformanceCounterIncrementAttribute.#ctor(System.String,System.String,System.String,System.String)">
            <summary>
            Attribute to indicate a method invocation is used to modify a performance counter.  This constructor create an instance that will increment the performance counter by one each time the decorated method is called.
            </summary>
            <param name="categoryName"></param>
            <param name="counterName"></param>
            <param name="instanceParameterName"></param>
            <param name="instanceParameterPropertyName"></param>
        </member>
        <member name="M:Spring2.Core.PostSharp.PerformanceCounterResponseTimeAttribute.#ctor(System.String,System.String,System.String,System.String)">
            <summary>
            Attribute to indicate a method invocation is used to modify a performance counter.  This constructor create an instance that will maintain a counter for the average response time of the method decorated.
            </summary>
            <param name="categoryName"></param>
            <param name="counterName"></param>
            <param name="baseCounterName"></param>
            <param name="instanceName"></param>
        </member>
        <member name="M:Spring2.Core.PostSharp.PerformanceCounterResponseTimeAttribute.#ctor(System.String,System.String,System.String,System.String,System.String)">
            <summary>
            Attribute to indicate a method invocation is used to modify a performance counter.  This constructor create an instance that will maintain a counter for the average response time of the method decorated.
            </summary>
            <param name="categoryName"></param>
            <param name="counterName"></param>
            <param name="baseCounterName"></param>
            <param name="instanceParameterName"></param>
            <param name="instanceParameterPropertyName"></param>
        </member>
    </members>
</doc>
