<?xml version="1.0"?>
<doc>
    <assembly>
        <name>Spring2.Core.Tax</name>
    </assembly>
    <members>
        <member name="T:Spring2.Core.Tax.TaxResultLineList">
            <summary>
            IOrderItemLine generic collection
            </summary>
        </member>
        <member name="M:Spring2.Core.Tax.TaxResultLineList.Contains(Spring2.Core.Types.IdType)">
            <summary>
            See if the list contains an instance by identity
            </summary>
        </member>
        <member name="M:Spring2.Core.Tax.TaxResultLineList.RetainAll(Spring2.Core.Tax.TaxResultLineList)">
            <summary>
            Returns a new list that contains all of the elements that are in both lists
            </summary>
        </member>
        <member name="M:Spring2.Core.Tax.TaxResultLineList.RemoveAll(Spring2.Core.Tax.TaxResultLineList)">
            <summary>
            return a new list that contains only the elements not contained in the argument list
            </summary>
        </member>
        <member name="M:Spring2.Core.Tax.TaxResultLineList.Sort(System.Collections.IComparer)">
            <summary>
            Sort a list by a column
            </summary>
        </member>
        <member name="M:Spring2.Core.Tax.TaxResultLineList.Sort(System.String)">
            <summary>
            Sort the list given the name of a comparer class.
            </summary>
        </member>
        <member name="P:Spring2.Core.Tax.TaxResultLineList.Item(Spring2.Core.Types.IdType)">
            <summary>
            returns the instance by identity or null if it not found
            </summary>
        </member>
        <member name="T:Spring2.Core.net.esalestax.webservices1.CertiCalc">
            <remarks/>
        </member>
        <member name="M:Spring2.Core.net.esalestax.webservices1.CertiCalc.#ctor">
            <remarks/>
        </member>
        <member name="M:Spring2.Core.net.esalestax.webservices1.CertiCalc.Abandon(Spring2.Core.net.esalestax.webservices1.TaxTransaction)">
            <remarks/>
        </member>
        <member name="M:Spring2.Core.net.esalestax.webservices1.CertiCalc.BeginAbandon(Spring2.Core.net.esalestax.webservices1.TaxTransaction,System.AsyncCallback,System.Object)">
            <remarks/>
        </member>
        <member name="M:Spring2.Core.net.esalestax.webservices1.CertiCalc.EndAbandon(System.IAsyncResult)">
            <remarks/>
        </member>
        <member name="M:Spring2.Core.net.esalestax.webservices1.CertiCalc.Abandon(System.String,System.String)">
            <remarks/>
        </member>
        <member name="M:Spring2.Core.net.esalestax.webservices1.CertiCalc.BeginAbandon1(System.String,System.String,System.AsyncCallback,System.Object)">
            <remarks/>
        </member>
        <member name="M:Spring2.Core.net.esalestax.webservices1.CertiCalc.EndAbandon1(System.IAsyncResult)">
            <remarks/>
        </member>
        <member name="M:Spring2.Core.net.esalestax.webservices1.CertiCalc.Abandon(System.String,System.String,System.String)">
            <remarks/>
        </member>
        <member name="M:Spring2.Core.net.esalestax.webservices1.CertiCalc.BeginAbandon2(System.String,System.String,System.String,System.AsyncCallback,System.Object)">
            <remarks/>
        </member>
        <member name="M:Spring2.Core.net.esalestax.webservices1.CertiCalc.EndAbandon2(System.IAsyncResult)">
            <remarks/>
        </member>
        <member name="M:Spring2.Core.net.esalestax.webservices1.CertiCalc.Calculate(System.String,System.String,System.String,System.String,System.String,System.String,System.String,System.String,System.String,System.String,System.String,System.String,System.String,System.Decimal,System.Decimal,System.Decimal,System.Boolean,System.Boolean,System.Int32,System.String,System.String,System.String)">
            <remarks/>
        </member>
        <member name="M:Spring2.Core.net.esalestax.webservices1.CertiCalc.BeginCalculate(System.String,System.String,System.String,System.String,System.String,System.String,System.String,System.String,System.String,System.String,System.String,System.String,System.String,System.Decimal,System.Decimal,System.Decimal,System.Boolean,System.Boolean,System.Int32,System.String,System.String,System.String,System.AsyncCallback,System.Object)">
            <remarks/>
        </member>
        <member name="M:Spring2.Core.net.esalestax.webservices1.CertiCalc.EndCalculate(System.IAsyncResult)">
            <remarks/>
        </member>
        <member name="M:Spring2.Core.net.esalestax.webservices1.CertiCalc.Calculate(System.String,System.String,System.String,System.String,System.String,System.String,System.String,System.String,System.String,System.String,System.String,System.String,System.String,System.Decimal,System.Decimal,System.Decimal,System.Boolean,System.Boolean,System.Int32,System.String,System.String,System.String,System.DateTime)">
            <remarks/>
        </member>
        <member name="M:Spring2.Core.net.esalestax.webservices1.CertiCalc.BeginCalculate1(System.String,System.String,System.String,System.String,System.String,System.String,System.String,System.String,System.String,System.String,System.String,System.String,System.String,System.Decimal,System.Decimal,System.Decimal,System.Boolean,System.Boolean,System.Int32,System.String,System.String,System.String,System.DateTime,System.AsyncCallback,System.Object)">
            <remarks/>
        </member>
        <member name="M:Spring2.Core.net.esalestax.webservices1.CertiCalc.EndCalculate1(System.IAsyncResult)">
            <remarks/>
        </member>
        <member name="M:Spring2.Core.net.esalestax.webservices1.CertiCalc.Calculate(System.String,System.String,System.String,System.String,System.String,System.String,System.String,System.String,System.String,System.String,System.String,System.String,System.Decimal,System.Decimal,System.Decimal,System.Boolean,System.Boolean,System.Int32,System.String,System.String,System.String)">
            <remarks/>
        </member>
        <member name="M:Spring2.Core.net.esalestax.webservices1.CertiCalc.BeginCalculate2(System.String,System.String,System.String,System.String,System.String,System.String,System.String,System.String,System.String,System.String,System.String,System.String,System.Decimal,System.Decimal,System.Decimal,System.Boolean,System.Boolean,System.Int32,System.String,System.String,System.String,System.AsyncCallback,System.Object)">
            <remarks/>
        </member>
        <member name="M:Spring2.Core.net.esalestax.webservices1.CertiCalc.EndCalculate2(System.IAsyncResult)">
            <remarks/>
        </member>
        <member name="M:Spring2.Core.net.esalestax.webservices1.CertiCalc.Calculate(System.String,System.String,System.String,System.String,System.String,System.String,System.String,System.String,System.String,System.String,System.String,System.String,System.Decimal,System.Decimal,System.Decimal,System.Boolean,System.Boolean,System.Int32,System.String,System.String,System.String,System.DateTime)">
            <remarks/>
        </member>
        <member name="M:Spring2.Core.net.esalestax.webservices1.CertiCalc.BeginCalculate3(System.String,System.String,System.String,System.String,System.String,System.String,System.String,System.String,System.String,System.String,System.String,System.String,System.Decimal,System.Decimal,System.Decimal,System.Boolean,System.Boolean,System.Int32,System.String,System.String,System.String,System.DateTime,System.AsyncCallback,System.Object)">
            <remarks/>
        </member>
        <member name="M:Spring2.Core.net.esalestax.webservices1.CertiCalc.EndCalculate3(System.IAsyncResult)">
            <remarks/>
        </member>
        <member name="M:Spring2.Core.net.esalestax.webservices1.CertiCalc.Calculate(System.String,System.String,System.String,System.String,System.String,System.String,System.String,System.String,System.String,System.String,System.String,System.String,System.String,System.Decimal,System.Decimal,System.Decimal,System.Boolean,System.Boolean,System.Int32)">
            <remarks/>
        </member>
        <member name="M:Spring2.Core.net.esalestax.webservices1.CertiCalc.BeginCalculate4(System.String,System.String,System.String,System.String,System.String,System.String,System.String,System.String,System.String,System.String,System.String,System.String,System.String,System.Decimal,System.Decimal,System.Decimal,System.Boolean,System.Boolean,System.Int32,System.AsyncCallback,System.Object)">
            <remarks/>
        </member>
        <member name="M:Spring2.Core.net.esalestax.webservices1.CertiCalc.EndCalculate4(System.IAsyncResult)">
            <remarks/>
        </member>
        <member name="M:Spring2.Core.net.esalestax.webservices1.CertiCalc.Calculate(System.String,System.String,System.String,System.String,System.String,System.String,System.String,System.String,System.String,System.String,System.String,System.String,System.String,System.Decimal,System.Decimal,System.Decimal,System.Boolean,System.Boolean,System.Int32,System.DateTime)">
            <remarks/>
        </member>
        <member name="M:Spring2.Core.net.esalestax.webservices1.CertiCalc.BeginCalculate5(System.String,System.String,System.String,System.String,System.String,System.String,System.String,System.String,System.String,System.String,System.String,System.String,System.String,System.Decimal,System.Decimal,System.Decimal,System.Boolean,System.Boolean,System.Int32,System.DateTime,System.AsyncCallback,System.Object)">
            <remarks/>
        </member>
        <member name="M:Spring2.Core.net.esalestax.webservices1.CertiCalc.EndCalculate5(System.IAsyncResult)">
            <remarks/>
        </member>
        <member name="M:Spring2.Core.net.esalestax.webservices1.CertiCalc.Calculate(System.String,System.String,System.String,System.String,System.String,System.String,System.String,System.String,System.String,System.String,System.String,System.String,System.Decimal,System.Decimal,System.Decimal,System.Boolean,System.Boolean,System.Int32)">
            <remarks/>
        </member>
        <member name="M:Spring2.Core.net.esalestax.webservices1.CertiCalc.BeginCalculate6(System.String,System.String,System.String,System.String,System.String,System.String,System.String,System.String,System.String,System.String,System.String,System.String,System.Decimal,System.Decimal,System.Decimal,System.Boolean,System.Boolean,System.Int32,System.AsyncCallback,System.Object)">
            <remarks/>
        </member>
        <member name="M:Spring2.Core.net.esalestax.webservices1.CertiCalc.EndCalculate6(System.IAsyncResult)">
            <remarks/>
        </member>
        <member name="M:Spring2.Core.net.esalestax.webservices1.CertiCalc.Calculate(System.String,System.String,System.String,System.String,System.String,System.String,System.String,System.String,System.String,System.String,System.String,System.String,System.Decimal,System.Decimal,System.Decimal,System.Boolean,System.Boolean,System.Int32,System.DateTime)">
            <remarks/>
        </member>
        <member name="M:Spring2.Core.net.esalestax.webservices1.CertiCalc.BeginCalculate7(System.String,System.String,System.String,System.String,System.String,System.String,System.String,System.String,System.String,System.String,System.String,System.String,System.Decimal,System.Decimal,System.Decimal,System.Boolean,System.Boolean,System.Int32,System.DateTime,System.AsyncCallback,System.Object)">
            <remarks/>
        </member>
        <member name="M:Spring2.Core.net.esalestax.webservices1.CertiCalc.EndCalculate7(System.IAsyncResult)">
            <remarks/>
        </member>
        <member name="M:Spring2.Core.net.esalestax.webservices1.CertiCalc.Calculate(System.String,System.String,System.String,System.String,System.String,System.String,System.String,System.String,System.String,System.String,System.String,System.String,System.String,System.String,System.Decimal,System.Decimal,System.Decimal,System.Boolean,System.Boolean,System.Int32,System.String,System.String,System.String)">
            <remarks/>
        </member>
        <member name="M:Spring2.Core.net.esalestax.webservices1.CertiCalc.BeginCalculate8(System.String,System.String,System.String,System.String,System.String,System.String,System.String,System.String,System.String,System.String,System.String,System.String,System.String,System.String,System.Decimal,System.Decimal,System.Decimal,System.Boolean,System.Boolean,System.Int32,System.String,System.String,System.String,System.AsyncCallback,System.Object)">
            <remarks/>
        </member>
        <member name="M:Spring2.Core.net.esalestax.webservices1.CertiCalc.EndCalculate8(System.IAsyncResult)">
            <remarks/>
        </member>
        <member name="M:Spring2.Core.net.esalestax.webservices1.CertiCalc.Calculate(System.String,System.String,System.String,System.String,System.String,System.String,System.String,System.String,System.String,System.String,System.String,System.String,System.String,System.String,System.Decimal,System.Decimal,System.Decimal,System.Boolean,System.Boolean,System.Int32,System.String,System.String,System.String,System.DateTime)">
            <remarks/>
        </member>
        <member name="M:Spring2.Core.net.esalestax.webservices1.CertiCalc.BeginCalculate9(System.String,System.String,System.String,System.String,System.String,System.String,System.String,System.String,System.String,System.String,System.String,System.String,System.String,System.String,System.Decimal,System.Decimal,System.Decimal,System.Boolean,System.Boolean,System.Int32,System.String,System.String,System.String,System.DateTime,System.AsyncCallback,System.Object)">
            <remarks/>
        </member>
        <member name="M:Spring2.Core.net.esalestax.webservices1.CertiCalc.EndCalculate9(System.IAsyncResult)">
            <remarks/>
        </member>
        <member name="M:Spring2.Core.net.esalestax.webservices1.CertiCalc.Calculate(System.String,System.String,System.String,System.String,System.String,System.String,System.String,System.String,System.String,System.String,System.String,System.String,System.Decimal,System.Decimal,System.Decimal,System.String,System.Boolean,System.Boolean,System.Int32,System.String,System.String,System.String)">
            <remarks/>
        </member>
        <member name="M:Spring2.Core.net.esalestax.webservices1.CertiCalc.BeginCalculate10(System.String,System.String,System.String,System.String,System.String,System.String,System.String,System.String,System.String,System.String,System.String,System.String,System.Decimal,System.Decimal,System.Decimal,System.String,System.Boolean,System.Boolean,System.Int32,System.String,System.String,System.String,System.AsyncCallback,System.Object)">
            <remarks/>
        </member>
        <member name="M:Spring2.Core.net.esalestax.webservices1.CertiCalc.EndCalculate10(System.IAsyncResult)">
            <remarks/>
        </member>
        <member name="M:Spring2.Core.net.esalestax.webservices1.CertiCalc.Calculate(System.String,System.String,System.String,System.String,System.String,System.String,System.String,System.String,System.String,System.String,System.String,System.String,System.Decimal,System.Decimal,System.Decimal,System.String,System.Boolean,System.Boolean,System.Int32,System.String,System.String,System.String,System.DateTime)">
            <remarks/>
        </member>
        <member name="M:Spring2.Core.net.esalestax.webservices1.CertiCalc.BeginCalculate11(System.String,System.String,System.String,System.String,System.String,System.String,System.String,System.String,System.String,System.String,System.String,System.String,System.Decimal,System.Decimal,System.Decimal,System.String,System.Boolean,System.Boolean,System.Int32,System.String,System.String,System.String,System.DateTime,System.AsyncCallback,System.Object)">
            <remarks/>
        </member>
        <member name="M:Spring2.Core.net.esalestax.webservices1.CertiCalc.EndCalculate11(System.IAsyncResult)">
            <remarks/>
        </member>
        <member name="M:Spring2.Core.net.esalestax.webservices1.CertiCalc.Calculate(System.String,System.String,System.String,System.String,System.String,System.String,System.String,System.String,System.String,System.String,System.String,System.String,System.String,System.Decimal,System.Decimal,System.Decimal,System.String,System.Boolean,System.Boolean,System.Int32)">
            <remarks/>
        </member>
        <member name="M:Spring2.Core.net.esalestax.webservices1.CertiCalc.BeginCalculate12(System.String,System.String,System.String,System.String,System.String,System.String,System.String,System.String,System.String,System.String,System.String,System.String,System.String,System.Decimal,System.Decimal,System.Decimal,System.String,System.Boolean,System.Boolean,System.Int32,System.AsyncCallback,System.Object)">
            <remarks/>
        </member>
        <member name="M:Spring2.Core.net.esalestax.webservices1.CertiCalc.EndCalculate12(System.IAsyncResult)">
            <remarks/>
        </member>
        <member name="M:Spring2.Core.net.esalestax.webservices1.CertiCalc.Calculate(System.String,System.String,System.String,System.String,System.String,System.String,System.String,System.String,System.String,System.String,System.String,System.String,System.String,System.Decimal,System.Decimal,System.Decimal,System.String,System.Boolean,System.Boolean,System.Int32,System.DateTime)">
            <remarks/>
        </member>
        <member name="M:Spring2.Core.net.esalestax.webservices1.CertiCalc.BeginCalculate13(System.String,System.String,System.String,System.String,System.String,System.String,System.String,System.String,System.String,System.String,System.String,System.String,System.String,System.Decimal,System.Decimal,System.Decimal,System.String,System.Boolean,System.Boolean,System.Int32,System.DateTime,System.AsyncCallback,System.Object)">
            <remarks/>
        </member>
        <member name="M:Spring2.Core.net.esalestax.webservices1.CertiCalc.EndCalculate13(System.IAsyncResult)">
            <remarks/>
        </member>
        <member name="M:Spring2.Core.net.esalestax.webservices1.CertiCalc.Calculate(System.String,System.String,System.String,System.String,System.String,System.String,System.String,System.String,System.String,System.String,System.String,System.String,System.Decimal,System.Decimal,System.Decimal,System.String,System.Boolean,System.Boolean,System.Int32)">
            <remarks/>
        </member>
        <member name="M:Spring2.Core.net.esalestax.webservices1.CertiCalc.BeginCalculate14(System.String,System.String,System.String,System.String,System.String,System.String,System.String,System.String,System.String,System.String,System.String,System.String,System.Decimal,System.Decimal,System.Decimal,System.String,System.Boolean,System.Boolean,System.Int32,System.AsyncCallback,System.Object)">
            <remarks/>
        </member>
        <member name="M:Spring2.Core.net.esalestax.webservices1.CertiCalc.EndCalculate14(System.IAsyncResult)">
            <remarks/>
        </member>
        <member name="M:Spring2.Core.net.esalestax.webservices1.CertiCalc.Calculate(System.String,System.String,System.String,System.String,System.String,System.String,System.String,System.String,System.String,System.String,System.String,System.String,System.Decimal,System.Decimal,System.Decimal,System.String,System.Boolean,System.Boolean,System.Int32,System.DateTime)">
            <remarks/>
        </member>
        <member name="M:Spring2.Core.net.esalestax.webservices1.CertiCalc.BeginCalculate15(System.String,System.String,System.String,System.String,System.String,System.String,System.String,System.String,System.String,System.String,System.String,System.String,System.Decimal,System.Decimal,System.Decimal,System.String,System.Boolean,System.Boolean,System.Int32,System.DateTime,System.AsyncCallback,System.Object)">
            <remarks/>
        </member>
        <member name="M:Spring2.Core.net.esalestax.webservices1.CertiCalc.EndCalculate15(System.IAsyncResult)">
            <remarks/>
        </member>
        <member name="M:Spring2.Core.net.esalestax.webservices1.CertiCalc.Calculate(Spring2.Core.net.esalestax.webservices1.Order)">
            <remarks/>
        </member>
        <member name="M:Spring2.Core.net.esalestax.webservices1.CertiCalc.BeginCalculate16(Spring2.Core.net.esalestax.webservices1.Order,System.AsyncCallback,System.Object)">
            <remarks/>
        </member>
        <member name="M:Spring2.Core.net.esalestax.webservices1.CertiCalc.EndCalculate16(System.IAsyncResult)">
            <remarks/>
        </member>
        <member name="M:Spring2.Core.net.esalestax.webservices1.CertiCalc.Calculate(Spring2.Core.net.esalestax.webservices1.Order,System.DateTime)">
            <remarks/>
        </member>
        <member name="M:Spring2.Core.net.esalestax.webservices1.CertiCalc.BeginCalculate17(Spring2.Core.net.esalestax.webservices1.Order,System.DateTime,System.AsyncCallback,System.Object)">
            <remarks/>
        </member>
        <member name="M:Spring2.Core.net.esalestax.webservices1.CertiCalc.EndCalculate17(System.IAsyncResult)">
            <remarks/>
        </member>
        <member name="M:Spring2.Core.net.esalestax.webservices1.CertiCalc.Cancel(Spring2.Core.net.esalestax.webservices1.TaxTransaction)">
            <remarks/>
        </member>
        <member name="M:Spring2.Core.net.esalestax.webservices1.CertiCalc.BeginCancel(Spring2.Core.net.esalestax.webservices1.TaxTransaction,System.AsyncCallback,System.Object)">
            <remarks/>
        </member>
        <member name="M:Spring2.Core.net.esalestax.webservices1.CertiCalc.EndCancel(System.IAsyncResult)">
            <remarks/>
        </member>
        <member name="M:Spring2.Core.net.esalestax.webservices1.CertiCalc.Cancel(System.String,System.String)">
            <remarks/>
        </member>
        <member name="M:Spring2.Core.net.esalestax.webservices1.CertiCalc.BeginCancel1(System.String,System.String,System.AsyncCallback,System.Object)">
            <remarks/>
        </member>
        <member name="M:Spring2.Core.net.esalestax.webservices1.CertiCalc.EndCancel1(System.IAsyncResult)">
            <remarks/>
        </member>
        <member name="M:Spring2.Core.net.esalestax.webservices1.CertiCalc.Cancel(System.String,System.String,System.String)">
            <remarks/>
        </member>
        <member name="M:Spring2.Core.net.esalestax.webservices1.CertiCalc.BeginCancel2(System.String,System.String,System.String,System.AsyncCallback,System.Object)">
            <remarks/>
        </member>
        <member name="M:Spring2.Core.net.esalestax.webservices1.CertiCalc.EndCancel2(System.IAsyncResult)">
            <remarks/>
        </member>
        <member name="M:Spring2.Core.net.esalestax.webservices1.CertiCalc.Commit(Spring2.Core.net.esalestax.webservices1.TaxTransaction)">
            <remarks/>
        </member>
        <member name="M:Spring2.Core.net.esalestax.webservices1.CertiCalc.BeginCommit(Spring2.Core.net.esalestax.webservices1.TaxTransaction,System.AsyncCallback,System.Object)">
            <remarks/>
        </member>
        <member name="M:Spring2.Core.net.esalestax.webservices1.CertiCalc.EndCommit(System.IAsyncResult)">
            <remarks/>
        </member>
        <member name="M:Spring2.Core.net.esalestax.webservices1.CertiCalc.Commit(System.String,System.String)">
            <remarks/>
        </member>
        <member name="M:Spring2.Core.net.esalestax.webservices1.CertiCalc.BeginCommit1(System.String,System.String,System.AsyncCallback,System.Object)">
            <remarks/>
        </member>
        <member name="M:Spring2.Core.net.esalestax.webservices1.CertiCalc.EndCommit1(System.IAsyncResult)">
            <remarks/>
        </member>
        <member name="M:Spring2.Core.net.esalestax.webservices1.CertiCalc.Commit(System.String,System.String,System.String)">
            <remarks/>
        </member>
        <member name="M:Spring2.Core.net.esalestax.webservices1.CertiCalc.BeginCommit2(System.String,System.String,System.String,System.AsyncCallback,System.Object)">
            <remarks/>
        </member>
        <member name="M:Spring2.Core.net.esalestax.webservices1.CertiCalc.EndCommit2(System.IAsyncResult)">
            <remarks/>
        </member>
        <member name="M:Spring2.Core.net.esalestax.webservices1.CertiCalc.ProcessAttributedLoss(Spring2.Core.net.esalestax.webservices1.TaxTransaction)">
            <remarks/>
        </member>
        <member name="M:Spring2.Core.net.esalestax.webservices1.CertiCalc.BeginProcessAttributedLoss(Spring2.Core.net.esalestax.webservices1.TaxTransaction,System.AsyncCallback,System.Object)">
            <remarks/>
        </member>
        <member name="M:Spring2.Core.net.esalestax.webservices1.CertiCalc.EndProcessAttributedLoss(System.IAsyncResult)">
            <remarks/>
        </member>
        <member name="M:Spring2.Core.net.esalestax.webservices1.CertiCalc.ProcessAttributedLoss(System.String,System.String)">
            <remarks/>
        </member>
        <member name="M:Spring2.Core.net.esalestax.webservices1.CertiCalc.BeginProcessAttributedLoss1(System.String,System.String,System.AsyncCallback,System.Object)">
            <remarks/>
        </member>
        <member name="M:Spring2.Core.net.esalestax.webservices1.CertiCalc.EndProcessAttributedLoss1(System.IAsyncResult)">
            <remarks/>
        </member>
        <member name="M:Spring2.Core.net.esalestax.webservices1.CertiCalc.ProcessAttributedLoss(System.String,System.String,System.Decimal,System.Decimal)">
            <remarks/>
        </member>
        <member name="M:Spring2.Core.net.esalestax.webservices1.CertiCalc.BeginProcessAttributedLoss2(System.String,System.String,System.Decimal,System.Decimal,System.AsyncCallback,System.Object)">
            <remarks/>
        </member>
        <member name="M:Spring2.Core.net.esalestax.webservices1.CertiCalc.EndProcessAttributedLoss2(System.IAsyncResult)">
            <remarks/>
        </member>
        <member name="M:Spring2.Core.net.esalestax.webservices1.CertiCalc.ProcessAttributedLoss(System.String,System.String,System.Decimal,System.Decimal,System.Decimal)">
            <remarks/>
        </member>
        <member name="M:Spring2.Core.net.esalestax.webservices1.CertiCalc.BeginProcessAttributedLoss3(System.String,System.String,System.Decimal,System.Decimal,System.Decimal,System.AsyncCallback,System.Object)">
            <remarks/>
        </member>
        <member name="M:Spring2.Core.net.esalestax.webservices1.CertiCalc.EndProcessAttributedLoss3(System.IAsyncResult)">
            <remarks/>
        </member>
        <member name="M:Spring2.Core.net.esalestax.webservices1.CertiCalc.ProcessAttributedLoss(System.String,System.String,System.Decimal)">
            <remarks/>
        </member>
        <member name="M:Spring2.Core.net.esalestax.webservices1.CertiCalc.BeginProcessAttributedLoss4(System.String,System.String,System.Decimal,System.AsyncCallback,System.Object)">
            <remarks/>
        </member>
        <member name="M:Spring2.Core.net.esalestax.webservices1.CertiCalc.EndProcessAttributedLoss4(System.IAsyncResult)">
            <remarks/>
        </member>
        <member name="M:Spring2.Core.net.esalestax.webservices1.CertiCalc.ProcessAttributedLoss(System.String,System.String,System.String)">
            <remarks/>
        </member>
        <member name="M:Spring2.Core.net.esalestax.webservices1.CertiCalc.BeginProcessAttributedLoss5(System.String,System.String,System.String,System.AsyncCallback,System.Object)">
            <remarks/>
        </member>
        <member name="M:Spring2.Core.net.esalestax.webservices1.CertiCalc.EndProcessAttributedLoss5(System.IAsyncResult)">
            <remarks/>
        </member>
        <member name="M:Spring2.Core.net.esalestax.webservices1.CertiCalc.ProcessAttributedLoss(System.String,System.String,System.String,System.Decimal,System.Decimal)">
            <remarks/>
        </member>
        <member name="M:Spring2.Core.net.esalestax.webservices1.CertiCalc.BeginProcessAttributedLoss6(System.String,System.String,System.String,System.Decimal,System.Decimal,System.AsyncCallback,System.Object)">
            <remarks/>
        </member>
        <member name="M:Spring2.Core.net.esalestax.webservices1.CertiCalc.EndProcessAttributedLoss6(System.IAsyncResult)">
            <remarks/>
        </member>
        <member name="M:Spring2.Core.net.esalestax.webservices1.CertiCalc.ProcessAttributedLoss(System.String,System.String,System.String,System.Decimal,System.Decimal,System.Decimal)">
            <remarks/>
        </member>
        <member name="M:Spring2.Core.net.esalestax.webservices1.CertiCalc.BeginProcessAttributedLoss7(System.String,System.String,System.String,System.Decimal,System.Decimal,System.Decimal,System.AsyncCallback,System.Object)">
            <remarks/>
        </member>
        <member name="M:Spring2.Core.net.esalestax.webservices1.CertiCalc.EndProcessAttributedLoss7(System.IAsyncResult)">
            <remarks/>
        </member>
        <member name="M:Spring2.Core.net.esalestax.webservices1.CertiCalc.ProcessAttributedLoss(System.String,System.String,System.String,System.Decimal)">
            <remarks/>
        </member>
        <member name="M:Spring2.Core.net.esalestax.webservices1.CertiCalc.BeginProcessAttributedLoss8(System.String,System.String,System.String,System.Decimal,System.AsyncCallback,System.Object)">
            <remarks/>
        </member>
        <member name="M:Spring2.Core.net.esalestax.webservices1.CertiCalc.EndProcessAttributedLoss8(System.IAsyncResult)">
            <remarks/>
        </member>
        <member name="M:Spring2.Core.net.esalestax.webservices1.CertiCalc.ProcessAttributedLoss(Spring2.Core.net.esalestax.webservices1.Order)">
            <remarks/>
        </member>
        <member name="M:Spring2.Core.net.esalestax.webservices1.CertiCalc.BeginProcessAttributedLoss9(Spring2.Core.net.esalestax.webservices1.Order,System.AsyncCallback,System.Object)">
            <remarks/>
        </member>
        <member name="M:Spring2.Core.net.esalestax.webservices1.CertiCalc.EndProcessAttributedLoss9(System.IAsyncResult)">
            <remarks/>
        </member>
        <member name="M:Spring2.Core.net.esalestax.webservices1.CertiCalc.ProcessAttributedReturn(Spring2.Core.net.esalestax.webservices1.TaxTransaction)">
            <remarks/>
        </member>
        <member name="M:Spring2.Core.net.esalestax.webservices1.CertiCalc.BeginProcessAttributedReturn(Spring2.Core.net.esalestax.webservices1.TaxTransaction,System.AsyncCallback,System.Object)">
            <remarks/>
        </member>
        <member name="M:Spring2.Core.net.esalestax.webservices1.CertiCalc.EndProcessAttributedReturn(System.IAsyncResult)">
            <remarks/>
        </member>
        <member name="M:Spring2.Core.net.esalestax.webservices1.CertiCalc.ProcessAttributedReturn(System.String,System.String)">
            <remarks/>
        </member>
        <member name="M:Spring2.Core.net.esalestax.webservices1.CertiCalc.BeginProcessAttributedReturn1(System.String,System.String,System.AsyncCallback,System.Object)">
            <remarks/>
        </member>
        <member name="M:Spring2.Core.net.esalestax.webservices1.CertiCalc.EndProcessAttributedReturn1(System.IAsyncResult)">
            <remarks/>
        </member>
        <member name="M:Spring2.Core.net.esalestax.webservices1.CertiCalc.ProcessAttributedReturn(System.String,System.String,System.Decimal,System.Decimal)">
            <remarks/>
        </member>
        <member name="M:Spring2.Core.net.esalestax.webservices1.CertiCalc.BeginProcessAttributedReturn2(System.String,System.String,System.Decimal,System.Decimal,System.AsyncCallback,System.Object)">
            <remarks/>
        </member>
        <member name="M:Spring2.Core.net.esalestax.webservices1.CertiCalc.EndProcessAttributedReturn2(System.IAsyncResult)">
            <remarks/>
        </member>
        <member name="M:Spring2.Core.net.esalestax.webservices1.CertiCalc.ProcessAttributedReturn(System.String,System.String,System.Decimal,System.Decimal,System.Decimal)">
            <remarks/>
        </member>
        <member name="M:Spring2.Core.net.esalestax.webservices1.CertiCalc.BeginProcessAttributedReturn3(System.String,System.String,System.Decimal,System.Decimal,System.Decimal,System.AsyncCallback,System.Object)">
            <remarks/>
        </member>
        <member name="M:Spring2.Core.net.esalestax.webservices1.CertiCalc.EndProcessAttributedReturn3(System.IAsyncResult)">
            <remarks/>
        </member>
        <member name="M:Spring2.Core.net.esalestax.webservices1.CertiCalc.ProcessAttributedReturn(System.String,System.String,System.Decimal)">
            <remarks/>
        </member>
        <member name="M:Spring2.Core.net.esalestax.webservices1.CertiCalc.BeginProcessAttributedReturn4(System.String,System.String,System.Decimal,System.AsyncCallback,System.Object)">
            <remarks/>
        </member>
        <member name="M:Spring2.Core.net.esalestax.webservices1.CertiCalc.EndProcessAttributedReturn4(System.IAsyncResult)">
            <remarks/>
        </member>
        <member name="M:Spring2.Core.net.esalestax.webservices1.CertiCalc.ProcessAttributedReturn(System.String,System.String,System.String)">
            <remarks/>
        </member>
        <member name="M:Spring2.Core.net.esalestax.webservices1.CertiCalc.BeginProcessAttributedReturn5(System.String,System.String,System.String,System.AsyncCallback,System.Object)">
            <remarks/>
        </member>
        <member name="M:Spring2.Core.net.esalestax.webservices1.CertiCalc.EndProcessAttributedReturn5(System.IAsyncResult)">
            <remarks/>
        </member>
        <member name="M:Spring2.Core.net.esalestax.webservices1.CertiCalc.ProcessAttributedReturn(System.String,System.String,System.String,System.Decimal,System.Decimal)">
            <remarks/>
        </member>
        <member name="M:Spring2.Core.net.esalestax.webservices1.CertiCalc.BeginProcessAttributedReturn6(System.String,System.String,System.String,System.Decimal,System.Decimal,System.AsyncCallback,System.Object)">
            <remarks/>
        </member>
        <member name="M:Spring2.Core.net.esalestax.webservices1.CertiCalc.EndProcessAttributedReturn6(System.IAsyncResult)">
            <remarks/>
        </member>
        <member name="M:Spring2.Core.net.esalestax.webservices1.CertiCalc.ProcessAttributedReturn(System.String,System.String,System.String,System.Decimal,System.Decimal,System.Decimal)">
            <remarks/>
        </member>
        <member name="M:Spring2.Core.net.esalestax.webservices1.CertiCalc.BeginProcessAttributedReturn7(System.String,System.String,System.String,System.Decimal,System.Decimal,System.Decimal,System.AsyncCallback,System.Object)">
            <remarks/>
        </member>
        <member name="M:Spring2.Core.net.esalestax.webservices1.CertiCalc.EndProcessAttributedReturn7(System.IAsyncResult)">
            <remarks/>
        </member>
        <member name="M:Spring2.Core.net.esalestax.webservices1.CertiCalc.ProcessAttributedReturn(System.String,System.String,System.String,System.Decimal)">
            <remarks/>
        </member>
        <member name="M:Spring2.Core.net.esalestax.webservices1.CertiCalc.BeginProcessAttributedReturn8(System.String,System.String,System.String,System.Decimal,System.AsyncCallback,System.Object)">
            <remarks/>
        </member>
        <member name="M:Spring2.Core.net.esalestax.webservices1.CertiCalc.EndProcessAttributedReturn8(System.IAsyncResult)">
            <remarks/>
        </member>
        <member name="M:Spring2.Core.net.esalestax.webservices1.CertiCalc.ProcessAttributedReturn(Spring2.Core.net.esalestax.webservices1.Order)">
            <remarks/>
        </member>
        <member name="M:Spring2.Core.net.esalestax.webservices1.CertiCalc.BeginProcessAttributedReturn9(Spring2.Core.net.esalestax.webservices1.Order,System.AsyncCallback,System.Object)">
            <remarks/>
        </member>
        <member name="M:Spring2.Core.net.esalestax.webservices1.CertiCalc.EndProcessAttributedReturn9(System.IAsyncResult)">
            <remarks/>
        </member>
        <member name="M:Spring2.Core.net.esalestax.webservices1.CertiCalc.ProcessUnattributedLoss(System.String,System.String,System.String,System.String,System.String,System.String,System.String,System.String,System.String,System.String,System.String,System.String,System.String,System.Decimal,System.Decimal,System.Decimal,System.Boolean,System.Int32,System.String,System.String,System.String)">
            <remarks/>
        </member>
        <member name="M:Spring2.Core.net.esalestax.webservices1.CertiCalc.BeginProcessUnattributedLoss(System.String,System.String,System.String,System.String,System.String,System.String,System.String,System.String,System.String,System.String,System.String,System.String,System.String,System.Decimal,System.Decimal,System.Decimal,System.Boolean,System.Int32,System.String,System.String,System.String,System.AsyncCallback,System.Object)">
            <remarks/>
        </member>
        <member name="M:Spring2.Core.net.esalestax.webservices1.CertiCalc.EndProcessUnattributedLoss(System.IAsyncResult)">
            <remarks/>
        </member>
        <member name="M:Spring2.Core.net.esalestax.webservices1.CertiCalc.ProcessUnattributedLoss(System.String,System.String,System.String,System.String,System.String,System.String,System.String,System.String,System.String,System.String,System.String,System.String,System.Decimal,System.Decimal,System.Decimal,System.Boolean,System.Int32,System.String,System.String,System.String)">
            <remarks/>
        </member>
        <member name="M:Spring2.Core.net.esalestax.webservices1.CertiCalc.BeginProcessUnattributedLoss1(System.String,System.String,System.String,System.String,System.String,System.String,System.String,System.String,System.String,System.String,System.String,System.String,System.Decimal,System.Decimal,System.Decimal,System.Boolean,System.Int32,System.String,System.String,System.String,System.AsyncCallback,System.Object)">
            <remarks/>
        </member>
        <member name="M:Spring2.Core.net.esalestax.webservices1.CertiCalc.EndProcessUnattributedLoss1(System.IAsyncResult)">
            <remarks/>
        </member>
        <member name="M:Spring2.Core.net.esalestax.webservices1.CertiCalc.ProcessUnattributedLoss(System.String,System.String,System.String,System.String,System.String,System.String,System.String,System.String,System.String,System.String,System.String,System.String,System.String,System.Decimal,System.Decimal,System.Decimal,System.Boolean,System.Int32)">
            <remarks/>
        </member>
        <member name="M:Spring2.Core.net.esalestax.webservices1.CertiCalc.BeginProcessUnattributedLoss2(System.String,System.String,System.String,System.String,System.String,System.String,System.String,System.String,System.String,System.String,System.String,System.String,System.String,System.Decimal,System.Decimal,System.Decimal,System.Boolean,System.Int32,System.AsyncCallback,System.Object)">
            <remarks/>
        </member>
        <member name="M:Spring2.Core.net.esalestax.webservices1.CertiCalc.EndProcessUnattributedLoss2(System.IAsyncResult)">
            <remarks/>
        </member>
        <member name="M:Spring2.Core.net.esalestax.webservices1.CertiCalc.ProcessUnattributedLoss(System.String,System.String,System.String,System.String,System.String,System.String,System.String,System.String,System.String,System.String,System.String,System.String,System.Decimal,System.Decimal,System.Decimal,System.Boolean,System.Int32)">
            <remarks/>
        </member>
        <member name="M:Spring2.Core.net.esalestax.webservices1.CertiCalc.BeginProcessUnattributedLoss3(System.String,System.String,System.String,System.String,System.String,System.String,System.String,System.String,System.String,System.String,System.String,System.String,System.Decimal,System.Decimal,System.Decimal,System.Boolean,System.Int32,System.AsyncCallback,System.Object)">
            <remarks/>
        </member>
        <member name="M:Spring2.Core.net.esalestax.webservices1.CertiCalc.EndProcessUnattributedLoss3(System.IAsyncResult)">
            <remarks/>
        </member>
        <member name="M:Spring2.Core.net.esalestax.webservices1.CertiCalc.ProcessUnattributedLoss(System.String,System.String,System.String,System.String,System.String,System.String,System.String,System.String,System.String,System.String,System.String,System.String,System.String,System.Decimal,System.Decimal,System.Decimal,System.Boolean,System.Int32,System.String,System.String,System.String,System.DateTime)">
            <remarks/>
        </member>
        <member name="M:Spring2.Core.net.esalestax.webservices1.CertiCalc.BeginProcessUnattributedLoss4(System.String,System.String,System.String,System.String,System.String,System.String,System.String,System.String,System.String,System.String,System.String,System.String,System.String,System.Decimal,System.Decimal,System.Decimal,System.Boolean,System.Int32,System.String,System.String,System.String,System.DateTime,System.AsyncCallback,System.Object)">
            <remarks/>
        </member>
        <member name="M:Spring2.Core.net.esalestax.webservices1.CertiCalc.EndProcessUnattributedLoss4(System.IAsyncResult)">
            <remarks/>
        </member>
        <member name="M:Spring2.Core.net.esalestax.webservices1.CertiCalc.ProcessUnattributedLoss(System.String,System.String,System.String,System.String,System.String,System.String,System.String,System.String,System.String,System.String,System.String,System.String,System.Decimal,System.Decimal,System.Decimal,System.Boolean,System.Int32,System.String,System.String,System.String,System.DateTime)">
            <remarks/>
        </member>
        <member name="M:Spring2.Core.net.esalestax.webservices1.CertiCalc.BeginProcessUnattributedLoss5(System.String,System.String,System.String,System.String,System.String,System.String,System.String,System.String,System.String,System.String,System.String,System.String,System.Decimal,System.Decimal,System.Decimal,System.Boolean,System.Int32,System.String,System.String,System.String,System.DateTime,System.AsyncCallback,System.Object)">
            <remarks/>
        </member>
        <member name="M:Spring2.Core.net.esalestax.webservices1.CertiCalc.EndProcessUnattributedLoss5(System.IAsyncResult)">
            <remarks/>
        </member>
        <member name="M:Spring2.Core.net.esalestax.webservices1.CertiCalc.ProcessUnattributedLoss(System.String,System.String,System.String,System.String,System.String,System.String,System.String,System.String,System.String,System.String,System.String,System.String,System.String,System.Decimal,System.Decimal,System.Decimal,System.Boolean,System.Int32,System.DateTime)">
            <remarks/>
        </member>
        <member name="M:Spring2.Core.net.esalestax.webservices1.CertiCalc.BeginProcessUnattributedLoss6(System.String,System.String,System.String,System.String,System.String,System.String,System.String,System.String,System.String,System.String,System.String,System.String,System.String,System.Decimal,System.Decimal,System.Decimal,System.Boolean,System.Int32,System.DateTime,System.AsyncCallback,System.Object)">
            <remarks/>
        </member>
        <member name="M:Spring2.Core.net.esalestax.webservices1.CertiCalc.EndProcessUnattributedLoss6(System.IAsyncResult)">
            <remarks/>
        </member>
        <member name="M:Spring2.Core.net.esalestax.webservices1.CertiCalc.ProcessUnattributedLoss(System.String,System.String,System.String,System.String,System.String,System.String,System.String,System.String,System.String,System.String,System.String,System.String,System.Decimal,System.Decimal,System.Decimal,System.Boolean,System.Int32,System.DateTime)">
            <remarks/>
        </member>
        <member name="M:Spring2.Core.net.esalestax.webservices1.CertiCalc.BeginProcessUnattributedLoss7(System.String,System.String,System.String,System.String,System.String,System.String,System.String,System.String,System.String,System.String,System.String,System.String,System.Decimal,System.Decimal,System.Decimal,System.Boolean,System.Int32,System.DateTime,System.AsyncCallback,System.Object)">
            <remarks/>
        </member>
        <member name="M:Spring2.Core.net.esalestax.webservices1.CertiCalc.EndProcessUnattributedLoss7(System.IAsyncResult)">
            <remarks/>
        </member>
        <member name="M:Spring2.Core.net.esalestax.webservices1.CertiCalc.ProcessUnattributedLoss(Spring2.Core.net.esalestax.webservices1.Order)">
            <remarks/>
        </member>
        <member name="M:Spring2.Core.net.esalestax.webservices1.CertiCalc.BeginProcessUnattributedLoss8(Spring2.Core.net.esalestax.webservices1.Order,System.AsyncCallback,System.Object)">
            <remarks/>
        </member>
        <member name="M:Spring2.Core.net.esalestax.webservices1.CertiCalc.EndProcessUnattributedLoss8(System.IAsyncResult)">
            <remarks/>
        </member>
        <member name="M:Spring2.Core.net.esalestax.webservices1.CertiCalc.ProcessUnattributedLoss(Spring2.Core.net.esalestax.webservices1.Order,System.DateTime)">
            <remarks/>
        </member>
        <member name="M:Spring2.Core.net.esalestax.webservices1.CertiCalc.BeginProcessUnattributedLoss9(Spring2.Core.net.esalestax.webservices1.Order,System.DateTime,System.AsyncCallback,System.Object)">
            <remarks/>
        </member>
        <member name="M:Spring2.Core.net.esalestax.webservices1.CertiCalc.EndProcessUnattributedLoss9(System.IAsyncResult)">
            <remarks/>
        </member>
        <member name="M:Spring2.Core.net.esalestax.webservices1.CertiCalc.ProcessUnattributedReturn(System.String,System.String,System.String,System.String,System.String,System.String,System.String,System.String,System.String,System.String,System.String,System.String,System.String,System.Decimal,System.Decimal,System.Decimal,System.Boolean,System.Int32,System.String,System.String,System.String)">
            <remarks/>
        </member>
        <member name="M:Spring2.Core.net.esalestax.webservices1.CertiCalc.BeginProcessUnattributedReturn(System.String,System.String,System.String,System.String,System.String,System.String,System.String,System.String,System.String,System.String,System.String,System.String,System.String,System.Decimal,System.Decimal,System.Decimal,System.Boolean,System.Int32,System.String,System.String,System.String,System.AsyncCallback,System.Object)">
            <remarks/>
        </member>
        <member name="M:Spring2.Core.net.esalestax.webservices1.CertiCalc.EndProcessUnattributedReturn(System.IAsyncResult)">
            <remarks/>
        </member>
        <member name="M:Spring2.Core.net.esalestax.webservices1.CertiCalc.ProcessUnattributedReturn(System.String,System.String,System.String,System.String,System.String,System.String,System.String,System.String,System.String,System.String,System.String,System.String,System.Decimal,System.Decimal,System.Decimal,System.Boolean,System.Int32,System.String,System.String,System.String)">
            <remarks/>
        </member>
        <member name="M:Spring2.Core.net.esalestax.webservices1.CertiCalc.BeginProcessUnattributedReturn1(System.String,System.String,System.String,System.String,System.String,System.String,System.String,System.String,System.String,System.String,System.String,System.String,System.Decimal,System.Decimal,System.Decimal,System.Boolean,System.Int32,System.String,System.String,System.String,System.AsyncCallback,System.Object)">
            <remarks/>
        </member>
        <member name="M:Spring2.Core.net.esalestax.webservices1.CertiCalc.EndProcessUnattributedReturn1(System.IAsyncResult)">
            <remarks/>
        </member>
        <member name="M:Spring2.Core.net.esalestax.webservices1.CertiCalc.ProcessUnattributedReturn(System.String,System.String,System.String,System.String,System.String,System.String,System.String,System.String,System.String,System.String,System.String,System.String,System.String,System.Decimal,System.Decimal,System.Decimal,System.Boolean,System.Int32)">
            <remarks/>
        </member>
        <member name="M:Spring2.Core.net.esalestax.webservices1.CertiCalc.BeginProcessUnattributedReturn2(System.String,System.String,System.String,System.String,System.String,System.String,System.String,System.String,System.String,System.String,System.String,System.String,System.String,System.Decimal,System.Decimal,System.Decimal,System.Boolean,System.Int32,System.AsyncCallback,System.Object)">
            <remarks/>
        </member>
        <member name="M:Spring2.Core.net.esalestax.webservices1.CertiCalc.EndProcessUnattributedReturn2(System.IAsyncResult)">
            <remarks/>
        </member>
        <member name="M:Spring2.Core.net.esalestax.webservices1.CertiCalc.ProcessUnattributedReturn(System.String,System.String,System.String,System.String,System.String,System.String,System.String,System.String,System.String,System.String,System.String,System.String,System.Decimal,System.Decimal,System.Decimal,System.Boolean,System.Int32)">
            <remarks/>
        </member>
        <member name="M:Spring2.Core.net.esalestax.webservices1.CertiCalc.BeginProcessUnattributedReturn3(System.String,System.String,System.String,System.String,System.String,System.String,System.String,System.String,System.String,System.String,System.String,System.String,System.Decimal,System.Decimal,System.Decimal,System.Boolean,System.Int32,System.AsyncCallback,System.Object)">
            <remarks/>
        </member>
        <member name="M:Spring2.Core.net.esalestax.webservices1.CertiCalc.EndProcessUnattributedReturn3(System.IAsyncResult)">
            <remarks/>
        </member>
        <member name="M:Spring2.Core.net.esalestax.webservices1.CertiCalc.ProcessUnattributedReturn(System.String,System.String,System.String,System.String,System.String,System.String,System.String,System.String,System.String,System.String,System.String,System.String,System.String,System.Decimal,System.Decimal,System.Decimal,System.Boolean,System.Int32,System.String,System.String,System.String,System.DateTime)">
            <remarks/>
        </member>
        <member name="M:Spring2.Core.net.esalestax.webservices1.CertiCalc.BeginProcessUnattributedReturn4(System.String,System.String,System.String,System.String,System.String,System.String,System.String,System.String,System.String,System.String,System.String,System.String,System.String,System.Decimal,System.Decimal,System.Decimal,System.Boolean,System.Int32,System.String,System.String,System.String,System.DateTime,System.AsyncCallback,System.Object)">
            <remarks/>
        </member>
        <member name="M:Spring2.Core.net.esalestax.webservices1.CertiCalc.EndProcessUnattributedReturn4(System.IAsyncResult)">
            <remarks/>
        </member>
        <member name="M:Spring2.Core.net.esalestax.webservices1.CertiCalc.ProcessUnattributedReturn(System.String,System.String,System.String,System.String,System.String,System.String,System.String,System.String,System.String,System.String,System.String,System.String,System.Decimal,System.Decimal,System.Decimal,System.Boolean,System.Int32,System.String,System.String,System.String,System.DateTime)">
            <remarks/>
        </member>
        <member name="M:Spring2.Core.net.esalestax.webservices1.CertiCalc.BeginProcessUnattributedReturn5(System.String,System.String,System.String,System.String,System.String,System.String,System.String,System.String,System.String,System.String,System.String,System.String,System.Decimal,System.Decimal,System.Decimal,System.Boolean,System.Int32,System.String,System.String,System.String,System.DateTime,System.AsyncCallback,System.Object)">
            <remarks/>
        </member>
        <member name="M:Spring2.Core.net.esalestax.webservices1.CertiCalc.EndProcessUnattributedReturn5(System.IAsyncResult)">
            <remarks/>
        </member>
        <member name="M:Spring2.Core.net.esalestax.webservices1.CertiCalc.ProcessUnattributedReturn(System.String,System.String,System.String,System.String,System.String,System.String,System.String,System.String,System.String,System.String,System.String,System.String,System.String,System.Decimal,System.Decimal,System.Decimal,System.Boolean,System.Int32,System.DateTime)">
            <remarks/>
        </member>
        <member name="M:Spring2.Core.net.esalestax.webservices1.CertiCalc.BeginProcessUnattributedReturn6(System.String,System.String,System.String,System.String,System.String,System.String,System.String,System.String,System.String,System.String,System.String,System.String,System.String,System.Decimal,System.Decimal,System.Decimal,System.Boolean,System.Int32,System.DateTime,System.AsyncCallback,System.Object)">
            <remarks/>
        </member>
        <member name="M:Spring2.Core.net.esalestax.webservices1.CertiCalc.EndProcessUnattributedReturn6(System.IAsyncResult)">
            <remarks/>
        </member>
        <member name="M:Spring2.Core.net.esalestax.webservices1.CertiCalc.ProcessUnattributedReturn(System.String,System.String,System.String,System.String,System.String,System.String,System.String,System.String,System.String,System.String,System.String,System.String,System.Decimal,System.Decimal,System.Decimal,System.Boolean,System.Int32,System.DateTime)">
            <remarks/>
        </member>
        <member name="M:Spring2.Core.net.esalestax.webservices1.CertiCalc.BeginProcessUnattributedReturn7(System.String,System.String,System.String,System.String,System.String,System.String,System.String,System.String,System.String,System.String,System.String,System.String,System.Decimal,System.Decimal,System.Decimal,System.Boolean,System.Int32,System.DateTime,System.AsyncCallback,System.Object)">
            <remarks/>
        </member>
        <member name="M:Spring2.Core.net.esalestax.webservices1.CertiCalc.EndProcessUnattributedReturn7(System.IAsyncResult)">
            <remarks/>
        </member>
        <member name="M:Spring2.Core.net.esalestax.webservices1.CertiCalc.ProcessUnattributedReturn(Spring2.Core.net.esalestax.webservices1.Order)">
            <remarks/>
        </member>
        <member name="M:Spring2.Core.net.esalestax.webservices1.CertiCalc.BeginProcessUnattributedReturn8(Spring2.Core.net.esalestax.webservices1.Order,System.AsyncCallback,System.Object)">
            <remarks/>
        </member>
        <member name="M:Spring2.Core.net.esalestax.webservices1.CertiCalc.EndProcessUnattributedReturn8(System.IAsyncResult)">
            <remarks/>
        </member>
        <member name="M:Spring2.Core.net.esalestax.webservices1.CertiCalc.ProcessUnattributedReturn(Spring2.Core.net.esalestax.webservices1.Order,System.DateTime)">
            <remarks/>
        </member>
        <member name="M:Spring2.Core.net.esalestax.webservices1.CertiCalc.BeginProcessUnattributedReturn9(Spring2.Core.net.esalestax.webservices1.Order,System.DateTime,System.AsyncCallback,System.Object)">
            <remarks/>
        </member>
        <member name="M:Spring2.Core.net.esalestax.webservices1.CertiCalc.EndProcessUnattributedReturn9(System.IAsyncResult)">
            <remarks/>
        </member>
        <member name="T:Spring2.Core.net.esalestax.webservices1.TaxTransaction">
            <remarks/>
        </member>
        <member name="T:Spring2.Core.net.esalestax.webservices1.MarshalByRefObject">
            <remarks/>
        </member>
        <member name="F:Spring2.Core.net.esalestax.webservices1.TaxTransaction.CorrectedAddress">
            <remarks/>
        </member>
        <member name="F:Spring2.Core.net.esalestax.webservices1.TaxTransaction.CertiTAXTransactionId">
            <remarks/>
        </member>
        <member name="F:Spring2.Core.net.esalestax.webservices1.TaxTransaction.CityTax">
            <remarks/>
        </member>
        <member name="F:Spring2.Core.net.esalestax.webservices1.TaxTransaction.CityTaxAuthority">
            <remarks/>
        </member>
        <member name="F:Spring2.Core.net.esalestax.webservices1.TaxTransaction.CountyTax">
            <remarks/>
        </member>
        <member name="F:Spring2.Core.net.esalestax.webservices1.TaxTransaction.CountyTaxAuthority">
            <remarks/>
        </member>
        <member name="F:Spring2.Core.net.esalestax.webservices1.TaxTransaction.LineItems">
            <remarks/>
        </member>
        <member name="F:Spring2.Core.net.esalestax.webservices1.TaxTransaction.LocalTax">
            <remarks/>
        </member>
        <member name="F:Spring2.Core.net.esalestax.webservices1.TaxTransaction.LocalTaxAuthority">
            <remarks/>
        </member>
        <member name="F:Spring2.Core.net.esalestax.webservices1.TaxTransaction.MerchantId">
            <remarks/>
        </member>
        <member name="F:Spring2.Core.net.esalestax.webservices1.TaxTransaction.NationalTax">
            <remarks/>
        </member>
        <member name="F:Spring2.Core.net.esalestax.webservices1.TaxTransaction.NationalTaxAuthority">
            <remarks/>
        </member>
        <member name="F:Spring2.Core.net.esalestax.webservices1.TaxTransaction.OtherTax">
            <remarks/>
        </member>
        <member name="F:Spring2.Core.net.esalestax.webservices1.TaxTransaction.OtherTaxAuthority">
            <remarks/>
        </member>
        <member name="F:Spring2.Core.net.esalestax.webservices1.TaxTransaction.ReferredId">
            <remarks/>
        </member>
        <member name="F:Spring2.Core.net.esalestax.webservices1.TaxTransaction.SerialNumber">
            <remarks/>
        </member>
        <member name="F:Spring2.Core.net.esalestax.webservices1.TaxTransaction.Server">
            <remarks/>
        </member>
        <member name="F:Spring2.Core.net.esalestax.webservices1.TaxTransaction.StateTax">
            <remarks/>
        </member>
        <member name="F:Spring2.Core.net.esalestax.webservices1.TaxTransaction.StateTaxAuthority">
            <remarks/>
        </member>
        <member name="F:Spring2.Core.net.esalestax.webservices1.TaxTransaction.TotalTax">
            <remarks/>
        </member>
        <member name="T:Spring2.Core.net.esalestax.webservices1.CorrectedAddress">
            <remarks/>
        </member>
        <member name="F:Spring2.Core.net.esalestax.webservices1.CorrectedAddress.City">
            <remarks/>
        </member>
        <member name="F:Spring2.Core.net.esalestax.webservices1.CorrectedAddress.GeoCode">
            <remarks/>
        </member>
        <member name="F:Spring2.Core.net.esalestax.webservices1.CorrectedAddress.Name">
            <remarks/>
        </member>
        <member name="F:Spring2.Core.net.esalestax.webservices1.CorrectedAddress.PostalCode">
            <remarks/>
        </member>
        <member name="F:Spring2.Core.net.esalestax.webservices1.CorrectedAddress.State">
            <remarks/>
        </member>
        <member name="F:Spring2.Core.net.esalestax.webservices1.CorrectedAddress.Street1">
            <remarks/>
        </member>
        <member name="F:Spring2.Core.net.esalestax.webservices1.CorrectedAddress.Street2">
            <remarks/>
        </member>
        <member name="F:Spring2.Core.net.esalestax.webservices1.CorrectedAddress.NationISO2Abbreviation">
            <remarks/>
        </member>
        <member name="F:Spring2.Core.net.esalestax.webservices1.CorrectedAddress.NationISO3Abbreviation">
            <remarks/>
        </member>
        <member name="F:Spring2.Core.net.esalestax.webservices1.CorrectedAddress.NationName">
            <remarks/>
        </member>
        <member name="T:Spring2.Core.net.esalestax.webservices1.OrderLineItem">
            <remarks/>
        </member>
        <member name="F:Spring2.Core.net.esalestax.webservices1.OrderLineItem.ItemId">
            <remarks/>
        </member>
        <member name="F:Spring2.Core.net.esalestax.webservices1.OrderLineItem.StockingUnit">
            <remarks/>
        </member>
        <member name="F:Spring2.Core.net.esalestax.webservices1.OrderLineItem.Quantity">
            <remarks/>
        </member>
        <member name="F:Spring2.Core.net.esalestax.webservices1.OrderLineItem.ExtendedPrice">
            <remarks/>
        </member>
        <member name="F:Spring2.Core.net.esalestax.webservices1.OrderLineItem.ProductCode">
            <remarks/>
        </member>
        <member name="T:Spring2.Core.net.esalestax.webservices1.Address">
            <remarks/>
        </member>
        <member name="F:Spring2.Core.net.esalestax.webservices1.Address.City">
            <remarks/>
        </member>
        <member name="F:Spring2.Core.net.esalestax.webservices1.Address.County">
            <remarks/>
        </member>
        <member name="F:Spring2.Core.net.esalestax.webservices1.Address.Name">
            <remarks/>
        </member>
        <member name="F:Spring2.Core.net.esalestax.webservices1.Address.Nation">
            <remarks/>
        </member>
        <member name="F:Spring2.Core.net.esalestax.webservices1.Address.PostalCode">
            <remarks/>
        </member>
        <member name="F:Spring2.Core.net.esalestax.webservices1.Address.State">
            <remarks/>
        </member>
        <member name="F:Spring2.Core.net.esalestax.webservices1.Address.Street1">
            <remarks/>
        </member>
        <member name="F:Spring2.Core.net.esalestax.webservices1.Address.Street2">
            <remarks/>
        </member>
        <member name="T:Spring2.Core.net.esalestax.webservices1.Order">
            <remarks/>
        </member>
        <member name="F:Spring2.Core.net.esalestax.webservices1.Order.Address">
            <remarks/>
        </member>
        <member name="F:Spring2.Core.net.esalestax.webservices1.Order.CalculateTax">
            <remarks/>
        </member>
        <member name="F:Spring2.Core.net.esalestax.webservices1.Order.CertiTAXTransactionId">
            <remarks/>
        </member>
        <member name="F:Spring2.Core.net.esalestax.webservices1.Order.ConfirmAddress">
            <remarks/>
        </member>
        <member name="F:Spring2.Core.net.esalestax.webservices1.Order.DefaultProductCode">
            <remarks/>
        </member>
        <member name="F:Spring2.Core.net.esalestax.webservices1.Order.HandlingCharge">
            <remarks/>
        </member>
        <member name="F:Spring2.Core.net.esalestax.webservices1.Order.LineItems">
            <remarks/>
        </member>
        <member name="F:Spring2.Core.net.esalestax.webservices1.Order.Location">
            <remarks/>
        </member>
        <member name="F:Spring2.Core.net.esalestax.webservices1.Order.MerchantTransactionId">
            <remarks/>
        </member>
        <member name="F:Spring2.Core.net.esalestax.webservices1.Order.Nexus">
            <remarks/>
        </member>
        <member name="F:Spring2.Core.net.esalestax.webservices1.Order.ReferredId">
            <remarks/>
        </member>
        <member name="F:Spring2.Core.net.esalestax.webservices1.Order.SerialNumber">
            <remarks/>
        </member>
        <member name="F:Spring2.Core.net.esalestax.webservices1.Order.ShippingCharge">
            <remarks/>
        </member>
        <member name="F:Spring2.Core.net.esalestax.webservices1.Order.TaxExemptCertificate">
            <remarks/>
        </member>
        <member name="F:Spring2.Core.net.esalestax.webservices1.Order.TaxExemptIssuer">
            <remarks/>
        </member>
        <member name="F:Spring2.Core.net.esalestax.webservices1.Order.TaxExemptReason">
            <remarks/>
        </member>
        <member name="F:Spring2.Core.net.esalestax.webservices1.Order.Total">
            <remarks/>
        </member>
        <member name="T:Spring2.Core.net.esalestax.webservices1.TaxTransactionLineItem">
            <remarks/>
        </member>
        <member name="F:Spring2.Core.net.esalestax.webservices1.TaxTransactionLineItem.ItemId">
            <remarks/>
        </member>
        <member name="F:Spring2.Core.net.esalestax.webservices1.TaxTransactionLineItem.CityTaxApplied">
            <remarks/>
        </member>
        <member name="F:Spring2.Core.net.esalestax.webservices1.TaxTransactionLineItem.CountyTaxApplied">
            <remarks/>
        </member>
        <member name="F:Spring2.Core.net.esalestax.webservices1.TaxTransactionLineItem.LocalTaxApplied">
            <remarks/>
        </member>
        <member name="F:Spring2.Core.net.esalestax.webservices1.TaxTransactionLineItem.NationalTaxApplied">
            <remarks/>
        </member>
        <member name="F:Spring2.Core.net.esalestax.webservices1.TaxTransactionLineItem.OtherTaxApplied">
            <remarks/>
        </member>
        <member name="F:Spring2.Core.net.esalestax.webservices1.TaxTransactionLineItem.StateTaxApplied">
            <remarks/>
        </member>
        <member name="T:Spring2.Core.Tax.TaxHtmlTool">
            <summary>
            Html rendering utilities for Vertex tax area results
            </summary>
        </member>
        <member name="T:Spring2.Core.Tax.ITaxProvider">
            <summary>
            Common interface expected to be implmented by all tax provider that are avaialable through the Tax Manager.
            </summary>
        </member>
        <member name="M:Spring2.Core.Tax.ITaxProvider.GetTaxRateForArea(Spring2.Core.Types.IdType,Spring2.Core.Types.DateType)">
            <summary>
            Get tax rate information for a specific tax area for a specific date using the tax area id from the tax provider.
            </summary>
            <remarks>
            Tax area ids are not valid across tax providers.  i.e. a tax area id from one tax provider cannot be used with another tax provider.
            </remarks>
            <param name="id"></param>
            <param name="dateType"></param>
            <returns></returns>
        </member>
        <member name="M:Spring2.Core.Tax.ITaxProvider.Commit(Spring2.Core.Tax.TaxOrder,Spring2.Core.Types.StringType)">
            <summary>
            Commits a sale in the tax provider
            </summary>
            <param name="order"></param>
            <returns></returns>
        </member>
        <member name="M:Spring2.Core.Tax.ITaxProvider.GetQuoteTaxTotal(Spring2.Core.Tax.TaxOrder,Spring2.Core.Types.StringType)">
            <summary>
            Gets a tax estimate based on an order, for use durring the ordering process.  This is not persisted as a sale in the tax provider.
            </summary>
            <param name="order"></param>
            <returns></returns>
        </member>
        <member name="M:Spring2.Core.Tax.ITaxProvider.GetTaxAreaForAddress(Spring2.Core.Types.StringType,Spring2.Core.Types.StringType,Spring2.Core.Types.StringType,Spring2.Core.Types.StringType,Spring2.Core.Types.StringType,Spring2.Core.Types.StringType,Spring2.Core.Types.BooleanType)">
            <summary>
            Get tax area information for a specific tax area for a specific date using the tax area id from the tax provider.
            </summary>
            <param name="street"></param>
            <param name="city"></param>
            <param name="county"></param>
            <param name="state"></param>
            <param name="postalCode"></param>
            <param name="country"></param>
            <param name="limits"></param>
            <returns></returns>
        </member>
        <member name="M:Spring2.Core.Tax.ITaxProvider.LookupTaxArea(Spring2.Core.Types.StringType,Spring2.Core.Types.StringType,Spring2.Core.Types.StringType,Spring2.Core.Types.StringType,Spring2.Core.Types.StringType,Spring2.Core.Types.StringType,Spring2.Core.Types.DateType,Spring2.Core.Types.BooleanType)">
            <summary>
            Resolves possible tax areas for a given address
            </summary>
            <param name="street"></param>
            <param name="city"></param>
            <param name="county"></param>
            <param name="state"></param>
            <param name="postalCode"></param>
            <param name="country"></param>
            <param name="date"></param>
            <param name="booleanType"></param>
            <returns></returns>
        </member>
        <member name="M:Spring2.Core.Tax.ITaxProvider.Commit(Spring2.Core.Types.StringType,Spring2.Core.Types.StringType,Spring2.Core.Types.StringType,Spring2.Core.Types.StringType,Spring2.Core.Types.StringType,Spring2.Core.Types.StringType,Spring2.Core.Types.DateType,Spring2.Core.Tax.TaxOrder)">
            <summary>
            Commits and records a sale in the tax provider.
            </summary>
            <param name="street"></param>
            <param name="city"></param>
            <param name="county"></param>
            <param name="region"></param>
            <param name="postalCode"></param>
            <param name="country"></param>
            <param name="date"></param>
            <param name="order"></param>
            <returns></returns>
        </member>
        <member name="M:Spring2.Core.Tax.ITaxProvider.Calculate(Spring2.Core.Types.StringType,Spring2.Core.Types.StringType,Spring2.Core.Types.StringType,Spring2.Core.Types.StringType,Spring2.Core.Types.StringType,Spring2.Core.Types.StringType,Spring2.Core.Types.DateType,Spring2.Core.Tax.TaxOrder)">
            <summary>
            Gets a tax estimate based on an order, for use durring the ordering process.  This is not persisted as a sale in the tax provider.
            </summary>
            <param name="street"></param>
            <param name="city"></param>
            <param name="county"></param>
            <param name="region"></param>
            <param name="postalCode"></param>
            <param name="country"></param>
            <param name="date"></param>
            <param name="order"></param>
            <returns></returns>
        </member>
        <member name="M:Spring2.Core.Tax.ITaxProvider.Calculate(Spring2.Core.Types.StringType,Spring2.Core.Types.StringType,Spring2.Core.Types.StringType,Spring2.Core.Types.StringType,Spring2.Core.Types.StringType,Spring2.Core.Types.StringType,Spring2.Core.Types.StringType,Spring2.Core.Types.DateType,Spring2.Core.Tax.TaxOrder)">
            <summary>
            Gets a tax estimate based on an order, for use durring the ordering process.  This is not persisted as a sale in the tax provider, but will update a persisted transaction.
            </summary>
            <param name="transactionId"></param>
            <param name="street"></param>
            <param name="city"></param>
            <param name="county"></param>
            <param name="region"></param>
            <param name="postalCode"></param>
            <param name="country"></param>
            <param name="date"></param>
            <param name="order"></param>
            <returns></returns>
        </member>
        <member name="T:Spring2.Core.Tax.TaxException">
            <summary>
            Summary description for TaxException.
            </summary>
        </member>
        <member name="T:Spring2.Core.Tax.Test.TestTaxProvider">
            <summary>
            Summary description for TestTaxProvider.
            </summary>
        </member>
        <member name="T:Spring2.Core.Tax.TaxOrderLineList">
            <summary>
            IOrderItemLine generic collection
            </summary>
        </member>
        <member name="M:Spring2.Core.Tax.TaxOrderLineList.Contains(Spring2.Core.Types.IdType)">
            <summary>
            See if the list contains an instance by identity
            </summary>
        </member>
        <member name="M:Spring2.Core.Tax.TaxOrderLineList.RetainAll(Spring2.Core.Tax.TaxOrderLineList)">
            <summary>
            Returns a new list that contains all of the elements that are in both lists
            </summary>
        </member>
        <member name="M:Spring2.Core.Tax.TaxOrderLineList.RemoveAll(Spring2.Core.Tax.TaxOrderLineList)">
            <summary>
            return a new list that contains only the elements not contained in the argument list
            </summary>
        </member>
        <member name="M:Spring2.Core.Tax.TaxOrderLineList.Sort(System.Collections.IComparer)">
            <summary>
            Sort a list by a column
            </summary>
        </member>
        <member name="M:Spring2.Core.Tax.TaxOrderLineList.Sort(System.String)">
            <summary>
            Sort the list given the name of a comparer class.
            </summary>
        </member>
        <member name="P:Spring2.Core.Tax.TaxOrderLineList.Item(Spring2.Core.Types.IdType)">
            <summary>
            returns the instance by identity or null if it not found
            </summary>
        </member>
        <member name="T:Spring2.Core.Tax.Vertex.LookupTaxAreasWSService">
            <remarks/>
        </member>
        <member name="M:Spring2.Core.Tax.Vertex.LookupTaxAreasWSService.#ctor">
            <remarks/>
        </member>
        <member name="M:Spring2.Core.Tax.Vertex.LookupTaxAreasWSService.lookupTaxAreasString(System.String)">
            <remarks/>
        </member>
        <member name="M:Spring2.Core.Tax.Vertex.LookupTaxAreasWSService.BeginlookupTaxAreasString(System.String,System.AsyncCallback,System.Object)">
            <remarks/>
        </member>
        <member name="M:Spring2.Core.Tax.Vertex.LookupTaxAreasWSService.EndlookupTaxAreasString(System.IAsyncResult)">
            <remarks/>
        </member>
        <member name="T:Spring2.Core.Tax.Vertex.CalculateTaxWSService">
            <remarks/>
        </member>
        <member name="M:Spring2.Core.Tax.Vertex.CalculateTaxWSService.#ctor">
            <remarks/>
        </member>
        <member name="M:Spring2.Core.Tax.Vertex.CalculateTaxWSService.calculateTaxString(System.String)">
            <remarks/>
        </member>
        <member name="M:Spring2.Core.Tax.Vertex.CalculateTaxWSService.BegincalculateTaxString(System.String,System.AsyncCallback,System.Object)">
            <remarks/>
        </member>
        <member name="M:Spring2.Core.Tax.Vertex.CalculateTaxWSService.EndcalculateTaxString(System.IAsyncResult)">
            <remarks/>
        </member>
        <member name="T:Spring2.Core.Tax.TaxRateInfoList">
            <summary>
            TaxRateInfoData generic collection
            </summary>
        </member>
        <member name="M:Spring2.Core.Tax.TaxRateInfoList.Sort(System.Collections.IComparer)">
            <summary>
            Sort a list by a column
            </summary>
        </member>
        <member name="M:Spring2.Core.Tax.TaxRateInfoList.Sort(System.String)">
            <summary>
            Sort the list given the name of a comparer class.
            </summary>
        </member>
        <member name="T:Spring2.Core.Tax.TaxJurisdictionList">
            <summary>
            IOrderItemLine generic collection
            </summary>
        </member>
        <member name="M:Spring2.Core.Tax.TaxJurisdictionList.Sort(System.Collections.IComparer)">
            <summary>
            Sort a list by a column
            </summary>
        </member>
        <member name="M:Spring2.Core.Tax.TaxJurisdictionList.Sort(System.String)">
            <summary>
            Sort the list given the name of a comparer class.
            </summary>
        </member>
        <member name="T:Spring2.Core.Tax.TaxOrder">
            <summary>
            Summary description for VertexOrderData.
            </summary>
        </member>
        <member name="T:Spring2.Core.Tax.Vertex.VertexProvider">
            <summary>
            Tax provider using Vertex O Series via Web Services.
            This class is must be stateless in order to be thread safe.
            </summary>
        </member>
        <member name="M:Spring2.Core.Tax.Vertex.VertexProvider.LookupTaxArea(Spring2.Core.Types.StringType,Spring2.Core.Types.StringType,Spring2.Core.Types.StringType,Spring2.Core.Types.StringType,Spring2.Core.Types.StringType,Spring2.Core.Types.StringType,Spring2.Core.Types.DateType,Spring2.Core.Types.BooleanType)">
            <summary>
            Look up tax area using the passed-in parameters.
            </summary>
            <param name="country">country</param>
            <param name="postalCode">postal code</param>
            <param name="city">city</param>
            <param name="region">state/provice</param>
            <param name="county">county</param>
            <param name="date">date to get tax areas as of</param>
            <param name="replaceHTMLEntities">should HTML entities be replaced with literals?</param>
            <returns>list of matching tax areas for the passed-in parameters</returns>
        </member>
        <member name="M:Spring2.Core.Tax.Vertex.VertexProvider.GetTaxRateForArea(Spring2.Core.Types.IdType,Spring2.Core.Types.DateType)">
            <summary>
            Get the tax rates for the passed-in tax area ID and date.
            </summary>
            <param name="taxAreaID">tax area ID</param>
            <param name="date">date</param>
            <returns>tax rate info</returns>
        </member>
        <member name="M:Spring2.Core.Tax.Vertex.VertexProvider.GetTaxAreaByID(Spring2.Core.Types.IdType,Spring2.Core.Types.DateType,Spring2.Core.Types.BooleanType)">
            <summary>
            Get a tax area based on the tax area ID previously returned from Vertex.
            </summary>
            <param name="taxAreaID">tax area ID from Vertex</param>
            <param name="date">as of date</param>
            <param name="replaceHTMLEntities">should HTML entities be replaced with literals?</param>
            <returns>matching tax area, or null if not found</returns>
        </member>
        <member name="M:Spring2.Core.Tax.Vertex.VertexProvider.GetQuoteTaxTotal(Spring2.Core.Tax.TaxOrder,Spring2.Core.Types.StringType)">
            <summary>
            Calculate the sales tax for the passed in order.
            </summary>
            <param name="order">order to calculate tax for</param>
        </member>
        <member name="M:Spring2.Core.Tax.Vertex.VertexProvider.Commit(Spring2.Core.Tax.TaxOrder,Spring2.Core.Types.StringType)">
            <summary>
            Calculate the sales tax for the passed in order.
            </summary>
            <param name="order">order to calculate tax for</param>
            <param name="writeToJournal">Should this be an invoice call that writes to the tax journal?</param>
        </member>
        <member name="M:Spring2.Core.Tax.Vertex.VertexProvider.ParseTaxAreaResponse(System.String,Spring2.Core.Types.StringType,Spring2.Core.Types.StringType,Spring2.Core.Types.StringType,Spring2.Core.Types.BooleanType)">
            <summary>
            
            </summary>
            <param name="xml"></param>
            <param name="country"></param>
            <param name="county"></param>
            <param name="city"></param>
            <param name="replaceHTMLEntities"></param>
            <returns></returns>
        </member>
        <member name="M:Spring2.Core.Tax.Vertex.VertexProvider.ParseQuoteResponse(System.String)">
            <summary>
            
            </summary>
            <param name="xml"></param>
            <returns></returns>
        </member>
        <member name="M:Spring2.Core.Tax.Vertex.VertexProvider.ParseQuoteTaxTotalResponse(System.String)">
            <summary>
            
            </summary>
            <param name="xml"></param>
        </member>
        <member name="M:Spring2.Core.Tax.Vertex.VertexProvider.GetTaxResultForInvoiceResponse(System.String)">
            <summary>
            Parses an InvoiceSaleResponse into a TaxResult object.
            </summary>
            <param name="xml"></param>
            <returns></returns>
        </member>
        <member name="M:Spring2.Core.Tax.Vertex.VertexProvider.GetTaxResultForQuoteResponse(System.String)">
            <summary>
            Parses a QuotationSaleResponse into a TaxResult object.
            </summary>
            <param name="xml"></param>
            <returns></returns>
        </member>
        <member name="T:Spring2.Core.Tax.TaxAreaList">
            <summary>
            TaxAreaData generic collection
            </summary>
        </member>
        <member name="M:Spring2.Core.Tax.TaxAreaList.Sort(System.Collections.IComparer)">
            <summary>
            Sort a list by a column
            </summary>
        </member>
        <member name="M:Spring2.Core.Tax.TaxAreaList.Sort(System.String)">
            <summary>
            Sort the list given the name of a comparer class.
            </summary>
        </member>
        <member name="T:Spring2.Core.Tax.Test.TestFailureTaxProvider">
            <summary>
            Summary description for TestFailTaxProvider.
            </summary>
        </member>
        <member name="T:Spring2.Core.Tax.CertiTax.CertiTaxProvider">
            <summary>
            Tax provider using CertiTax Web Service.
            This class is must be stateless in order to be thread safe.
            </summary>
        </member>
        <member name="T:Spring2.Core.Tax.TaxConfigurationException">
            <summary>
            Summary description for TaxConfigurationException.
            </summary>
        </member>
        <member name="T:Spring2.Core.Tax.TaxManager">
            <summary>
            Summary description for TaxManager.
            </summary>
        </member>
        <member name="T:Spring2.Core.Tax.TaxConnectionException">
            <summary>
            Summary description for TaxConnectionException.
            </summary>
        </member>
    </members>
</doc>
